ASID,Rotation,TYPE,ASSET_ID,SOURCE_ID,ACCESS,SURFACE_MA,LENGTH_M,WIDTH_M,STARTX,STARTY,ENDX,ENDY,DATE_OF_CO,OWNER,CURRENT_MA,CURRENTLY_,DEP_DAS_ID,CONDITION_,RISK_RATIN,SWEEPING_M,SWEEPING_I,INSP1,DATE_INSP1,INSP2,DATE_INSP2,INSP3,DATE_INSP3,INSP4,DATE_INSP4,INSP5,DATE_INSP5,INSP6,DATE_INSP6,INSP7,DATE_INSP7,INSP8,DATE_INSP8,INSP9,DATE_INSP9,INSP10,DATE_INS00,LAST_MAINT,ASSET_INFO,CONSQ_FAIL,SRVY_DATE,SRVY_TIME,SECTION,XSP,STCHAIN,ENDCHAIN,START_DATE,_DBFOCode,_Source,CreateDate,UserID
"1","0","","*","2600000001","","CONCRETE","94.013668165","2.000000000","442102.777888123","479147.654665789","442138.437777386","479234.589780871","01-JAN-1000","0011","DBFO (AREA) 26","AUTOLINK","","","","","","","","","","","","","","","","","","","","","","","","","","","","","","","2700A168/232","L1","455.240000000","549.800000000","01-JAN-1000","DBFO26","ADC","27/09/2018 09:38:44","0"
"2","0","","*","2600000002","","CONCRETE","2.856221483","0.600000000","442101.903911647","479144.935444158","442102.777888123","479147.654665789","01-JAN-1000","0011","DBFO (AREA) 26","AUTOLINK","","","","","","","","","","","","","","","","","","","","","","","","","","","","","","","2700A168/232","L1","452.370000000","455.240000000","01-JAN-1000","DBFO26","ADC","27/09/2018 09:38:44","0"
"3","0","","*","2600000003","","ASPHALT","28.743138568","1.000000000","439570.686643731","474854.433587539","439592.783407482","474872.808327824","01-JAN-1000","0011","DBFO (AREA) 26","AUTOLINK","","","","","","","","","","","","","","","","","","","","","","","","","","","","","","","2700A168/140","L1","665.940000000","694.200000000","01-JAN-1000","DBFO26","ADC","27/09/2018 09:38:44","0"
"4","0","","*","2600000004","","ASPHALT","2.441307504","2.000000000","442497.188630956","485222.875651871","442497.089690222","485225.314953628","01-JAN-1000","0011","DBFO (AREA) 26","AUTOLINK","","","","","","","","","","","","","","","","","","","","","","","","","","","","","","","2700A19/706","L1","0.000000000","156.440000000","01-JAN-1000","DBFO26","ADC","27/09/2018 09:38:44","0"
"5","0","","*","2600000005","","ASPHALT","143.226694029","1.500000000","442501.657454073","485079.746622129","442497.188630956","485222.875651871","01-JAN-1000","0011","DBFO (AREA) 26","AUTOLINK","","","","","","","","","","","","","","","","","","","","","","","","","","","","","","","2700A19/706","L2","10.880000000","154.010000000","01-JAN-1000","DBFO26","ADC","27/09/2018 09:38:44","0"
"6","0","","*","2600000006","","ASPHALT","132.276459765","1.400000000","447204.747491934","520301.404527430","447264.845742300","520184.028126075","01-JAN-1000","0011","DBFO (AREA) 26","AUTOLINK","","","","","","","","","","","","","","","","","","","","","","","","","","","","","","","0700A19/384","L1","0.520000000","133.950000000","01-JAN-1000","DBFO26","ADC","27/09/2018 09:38:44","0"
"7","0","","*","2600000007","","ASPHALT","15.504507913","1.400000000","447195.686169784","520313.940938919","447204.747491934","520301.404527430","01-JAN-1000","0011","DBFO (AREA) 26","AUTOLINK","","","","","","","","","","","","","","","","","","","","","","","","","","","","","","","0700A19/386","L1","336.210000000","352.000000000","01-JAN-1000","DBFO26","ADC","27/09/2018 09:38:44","0"
"8","0","","*","2600000008","","ASPHALT","15.869023627","3.300000000","447056.468313092","517225.904880046","447045.090128773","517214.938019277","01-JAN-1000","0011","DBFO (AREA) 26","AUTOLINK","","","","","","","","","","","","","","","","","","","","","","","","","","","","","","","0700A19/372","L1","0.000000000","11.220000000","01-JAN-1000","DBFO26","ADC","27/09/2018 09:38:44","0"
"9","0","","*","2600000009","","ASPHALT","10.467258213","3.000000000","447089.127000114","517332.594340506","447090.314288912","517322.317282283","01-JAN-1000","0011","DBFO (AREA) 26","AUTOLINK","","","","","","","","","","","","","","","","","","","","","","","","","","","","","","","0700A19/376","L1","78.830000000","86.000000000","01-JAN-1000","DBFO26","ADC","27/09/2018 09:38:44","0"
"10","0","","*","2600000010","","ASPHALT","39.415755759","1.000000000","447171.627081491","520345.152004845","447195.686169784","520313.940938919","01-JAN-1000","0011","DBFO (AREA) 26","AUTOLINK","","","","","","","","","","","","","","","","","","","","","","","","","","","","","","","0700A19/386","L1","294.750000000","336.210000000","01-JAN-1000","DBFO26","ADC","27/09/2018 09:38:44","0"
"11","0","","*","2600000011","","ASPHALT","227.222642158","2.500000000","446998.340632329","520489.810596753","447171.627081491","520345.152004845","01-JAN-1000","0011","DBFO (AREA) 26","AUTOLINK","","","","","","","","","","","","","","","","","","","","","","","","","","","","","","","0700A19/386","L1","56.430000000","294.750000000","01-JAN-1000","DBFO26","ADC","27/09/2018 09:38:44","0"
"12","0","","*","2600000012","","ASPHALT","16.004521431","5.000000000","446984.002471075","520496.688627937","446998.340632329","520489.810596753","01-JAN-1000","0011","DBFO (AREA) 26","AUTOLINK","","","","","","","","","","","","","","","","","","","","","","","","","","","","","","","0700A19/386","L1","39.630000000","56.430000000","01-JAN-1000","DBFO26","ADC","27/09/2018 09:38:44","0"
"13","0","","*","2600000013","","ASPHALT","61.406855463","3.500000000","446775.691002355","520575.716006586","446835.187363261","520569.277849489","01-JAN-1000","0011","DBFO (AREA) 26","AUTOLINK","","","","","","","","","","","","","","","","","","","","","","","","","","","","","","","0700A19/390","L1","439.270000000","503.220000000","01-JAN-1000","DBFO26","ADC","27/09/2018 09:38:44","0"
"14","0","","*","2600000014","","ASPHALT","438.001113352","2.900000000","446359.282436505","520702.629677925","446775.691002355","520575.716006586","01-JAN-1000","0011","DBFO (AREA) 26","AUTOLINK","","","","","","","","","","","","","","","","","","","","","","","","","","","","","","","0700A19/390","L2","1.060000000","439.270000000","01-JAN-1000","DBFO26","ADC","27/09/2018 09:38:44","0"
"15","0","","*","2600000015","","CONCRETE","5.506053503","1.500000000","449531.157442098","515202.783992376","449536.343585531","515200.934521782","01-JAN-1000","0011","DBFO (AREA) 26","AUTOLINK","","","","","","","","","","","","","","","","","","","","","","","","","","","","","","","0700A174/40","L1","182.220000000","186.890000000","01-JAN-1000","DBFO26","ADC","27/09/2018 09:38:44","0"
"16","0","","*","2600000016","","CONCRETE","6.229646676","2.000000000","449394.841846914","515260.657426278","449393.159854449","515266.655709288","01-JAN-1000","0011","DBFO (AREA) 26","AUTOLINK","","","","","","","","","","","","","","","","","","","","","","","","","","","","","","","0700A174/55","R1","13.160000000","14.770000000","01-JAN-1000","DBFO26","ADC","27/09/2018 09:38:44","0"
"17","0","","*","2600000017","","CONCRETE","26.070378610","2.000000000","449396.655760356","515250.410359471","449406.970331794","515226.467213125","01-JAN-1000","0011","DBFO (AREA) 26","AUTOLINK","","","","","","","","","","","","","","","","","","","","","","","","","","","","","","","0700A174/55","L1","18.420000000","21.090000000","01-JAN-1000","DBFO26","ADC","27/09/2018 09:38:44","0"
"18","0","","*","2600000018","","CONCRETE","5.808824085","1.500000000","449433.873966167","515279.152132224","449438.029476961","515275.093294054","01-JAN-1000","0011","DBFO (AREA) 26","AUTOLINK","","","","","","","","","","","","","","","","","","","","","","","","","","","","","","","0700A174/56","L1","151.500000000","151.990000000","01-JAN-1000","DBFO26","ADC","27/09/2018 09:38:44","0"
"19","0","","*","2600000019","","CONCRETE","10.386201602","1.500000000","449427.591229608","515284.840503944","449419.370903690","515291.188686796","01-JAN-1000","0011","DBFO (AREA) 26","AUTOLINK","","","","","","","","","","","","","","","","","","","","","","","","","","","","","","","0700A174/56","R1","153.010000000","155.010000000","01-JAN-1000","DBFO26","ADC","27/09/2018 09:38:44","0"
"20","0","","*","2600000020","","CONCRETE","77.627563512","1.500000000","449470.844820144","515185.748868630","449400.687595235","515218.629456659","01-JAN-1000","0011","DBFO (AREA) 26","AUTOLINK","","","","","","","","","","","","","","","","","","","","","","","","","","","","","","","0700A174/36","L1","175.230000000","252.690000000","01-JAN-1000","DBFO26","ADC","27/09/2018 09:38:44","0"
"21","0","","*","2600000021","","CONCRETE","172.177972973","1.500000000","449603.878881010","515077.129960469","449470.844820144","515185.748868630","01-JAN-1000","0011","DBFO (AREA) 26","AUTOLINK","","","","","","","","","","","","","","","","","","","","","","","","","","","","","","","0700A174/36","L2","5.260000000","175.230000000","01-JAN-1000","DBFO26","ADC","27/09/2018 09:38:44","0"
"22","0","","*","2600000022","","CONCRETE","68.572983006","2.000000000","451732.061072182","515540.377357281","451668.623572070","515545.595863499","01-JAN-1000","0011","DBFO (AREA) 26","AUTOLINK","","","","","","","","","","","","","","","","","","","","","","","","","","","","","","","0700A174/50","L2","5.260000000","80.230000000","01-JAN-1000","DBFO26","ADC","27/09/2018 09:38:44","0"
"23","0","","*","2600000023","","CONCRETE","31.726527381","1.500000000","451731.253056194","515551.464183710","451710.186925080","515575.187393012","01-JAN-1000","0011","DBFO (AREA) 26","AUTOLINK","","","","","","","","","","","","","","","","","","","","","","","","","","","","","","","0700A174/50","R2","11.340000000","37.330000000","01-JAN-1000","DBFO26","ADC","27/09/2018 09:38:44","0"
"24","0","","*","2600000024","","CONCRETE","8.221861641","1.800000000","451704.060844682","515581.785504322","451698.437713011","515587.783787331","01-JAN-1000","0011","DBFO (AREA) 26","AUTOLINK","","","","","","","","","","","","","","","","","","","","","","","","","","","","","","","0700A174/57","R1","3.070000000","5.640000000","01-JAN-1000","DBFO26","ADC","27/09/2018 09:38:44","0"
"25","0","","*","2600000025","","CONCRETE","15.622936793","1.500000000","451747.561787052","515564.720389160","451737.502812508","515576.656972349","01-JAN-1000","0011","DBFO (AREA) 26","AUTOLINK","","","","","","","","","","","","","","","","","","","","","","","","","","","","","","","0700A174/54","L1","44.250000000","55.280000000","01-JAN-1000","DBFO26","ADC","27/09/2018 09:38:44","0"
"26","0","","*","2600000026","","CONCRETE","10.887361798","1.500000000","451753.498231045","515562.870918566","451760.597228653","515555.313081974","01-JAN-1000","0011","DBFO (AREA) 26","AUTOLINK","","","","","","","","","","","","","","","","","","","","","","","","","","","","","","","0700A174/54","L1","59.600000000","69.700000000","01-JAN-1000","DBFO26","ADC","27/09/2018 09:38:44","0"
"27","0","","*","2600000027","","CONCRETE","11.415685523","1.500000000","453481.250784780","516703.934292573","453475.685368537","516713.901439507","01-JAN-1000","0011","DBFO (AREA) 26","AUTOLINK","","","","","","","","","","","","","","","","","","","","","","","","","","","","","","","0700A174/64","R1","409.920000000","410.000000000","01-JAN-1000","DBFO26","ADC","27/09/2018 09:38:44","0"
"28","0","","*","2600000028","","CONCRETE","10.733376609","2.500000000","453484.375662937","516696.466430226","453488.621869404","516686.629246091","01-JAN-1000","0011","DBFO (AREA) 26","AUTOLINK","","","","","","","","","","","","","","","","","","","","","","","","","","","","","","","0700A174/64","LE","399.266623391","410.000000000","01-JAN-1000","DBFO26","ADC","27/09/2018 09:38:44","0"
"29","0","","*","2600000029","","CONCRETE","43.893128179","4.000000000","456915.434164244","519324.874056369","456887.466916989","519291.063734473","01-JAN-1000","0011","DBFO (AREA) 26","AUTOLINK","","","","","","","","","","","","","","","","","","","","","","","","","","","","","","","0700A174/96","L1","2.000000000","45.810000000","01-JAN-1000","DBFO26","ADC","27/09/2018 09:38:44","0"
"30","0","","*","2600000030","","ASPHALT","16.290612956","1.500000000","445504.624137949","522109.436983523","445504.376786116","522094.781178703","01-JAN-1000","0011","DBFO (AREA) 26","AUTOLINK","","","","","","","","","","","","","","","","","","","","","","","","","","","","","","","0700A19/396","R1","4.840000000","13.940000000","01-JAN-1000","DBFO26","ADC","27/09/2018 09:38:44","0"
"31","0","","*","2600000031","","BLOCK PAVING","4.537865391","1.000000000","445519.811540497","522082.654649886","445517.906931382","522078.535828886","01-JAN-1000","0011","DBFO (AREA) 26","AUTOLINK","","","","","","","","","","","","","","","","","","","","","","","","","","","","","","","0700A19/396","L4","10.380000000","14.560000000","01-JAN-1000","DBFO26","ADC","27/09/2018 09:38:44","0"
"32","0","","*","2600000032","","ASPHALT","9.252694994","1.500000000","445517.840970894","522085.033968813","445525.904640651","522080.535256556","01-JAN-1000","0011","DBFO (AREA) 26","AUTOLINK","","","","","","","","","","","","","","","","","","","","","","","","","","","","","","","0700A19/396","L3","7.200000000","10.290000000","01-JAN-1000","DBFO26","ADC","27/09/2018 09:38:44","0"
"33","0","","*","2600000033","","ASPHALT","17.299238858","1.500000000","445517.032954906","522084.534111896","445506.504011880","522070.808040943","01-JAN-1000","0011","DBFO (AREA) 26","AUTOLINK","","","","","","","","","","","","","","","","","","","","","","","","","","","","","","","0700A19/396","L3","11.230000000","30.000000000","01-JAN-1000","DBFO26","ADC","27/09/2018 09:38:44","0"
"34","0","","*","2600000034","","BLOCK PAVING","5.338671968","2.000000000","445357.095259667","521887.660466390","445353.747764860","521883.501656837","01-JAN-1000","0011","DBFO (AREA) 26","AUTOLINK","","","","","","","","","","","","","","","","","","","","","","","","","","","","","","","0700A19/396","L2","267.810000000","273.160000000","01-JAN-1000","DBFO26","ADC","27/09/2018 09:38:44","0"
"35","0","","*","2600000035","","ASPHALT","12.266639323","1.500000000","445073.407442361","522739.436647995","445084.595990275","522734.408087405","01-JAN-1000","0011","DBFO (AREA) 26","AUTOLINK","","","","","","","","","","","","","","","","","","","","","","","","","","","","","","","0700A19/228","L1","374.510000000","379.000000000","01-JAN-1000","DBFO26","ADC","27/09/2018 09:38:44","0"
"36","0","","*","2600000036","","BLOCK PAVING","8.392584599","1.000000000","444712.562343271","525994.754822860","444709.874453352","525988.936488341","01-JAN-1000","0011","DBFO (AREA) 26","AUTOLINK","","","","","","","","","","","","","","","","","","","","","","","","","","","","","","","0700A19/240","L2","0.470000000","6.540000000","01-JAN-1000","DBFO26","ADC","27/09/2018 09:38:44","0"
"37","0","","*","2600000037","","ASPHALT","16.757175273","3.000000000","444745.435401881","526121.748471306","444748.222232534","526105.313175861","01-JAN-1000","0011","DBFO (AREA) 26","AUTOLINK","","","","","","","","","","","","","","","","","","","","","","","","","","","","","","","0700A19/256","L1","466.000000000","480.000000000","01-JAN-1000","DBFO26","ADC","27/09/2018 09:38:44","0"
"38","0","","*","2600000038","","ASPHALT","19.243994058","1.600000000","433695.750806753","564114.503158404","433698.372736184","564095.438615573","01-JAN-1000","0011","DBFO (AREA) 26","AUTOLINK","","","","","","","","","","","","","","","","","","","","","","","","","","","","","","","4520A19/21","L2","17.630000000","37.240000000","01-JAN-1000","DBFO26","ADC","27/09/2018 09:38:44","0"
"39","0","","*","2600000039","","ASPHALT","8.425883864","2.500000000","433872.970150061","562363.874270710","433876.779368289","562356.566362577","01-JAN-1000","0011","DBFO (AREA) 26","AUTOLINK","","","","","","","","","","","","","","","","","","","","","","","","","","","","","","","4520A19/59","R1","235.574116136","244.000000000","01-JAN-1000","DBFO26","ADC","27/09/2018 09:38:44","0"
"40","0","","*","2600000040","","ASPHALT","12.642321554","2.500000000","433898.752456124","562369.682608091","433895.248305156","562357.686042072","01-JAN-1000","0011","DBFO (AREA) 26","AUTOLINK","","","","","","","","","","","","","","","","","","","","","","","","","","","","","","","4520A19/59","L2","232.640000000","244.000000000","01-JAN-1000","DBFO26","ADC","27/09/2018 09:38:44","0"
"41","0","","*","2600000041","","ASPHALT","30.330071424","2.500000000","433912.340316818","562396.684878772","433898.752456124","562369.682608091","01-JAN-1000","0011","DBFO (AREA) 26","AUTOLINK","","","","","","","","","","","","","","","","","","","","","","","","","","","","","","","4520A19/59","L1","202.390000000","232.640000000","01-JAN-1000","DBFO26","ADC","27/09/2018 09:38:44","0"
"42","0","","*","2600000042","","ASPHALT","4.999619201","2.200000000","433916.190760353","562399.873965905","433912.340316818","562396.684878772","01-JAN-1000","0011","DBFO (AREA) 26","AUTOLINK","","","","","","","","","","","","","","","","","","","","","","","","","","","","","","","4520A19/59","L2","197.740000000","202.390000000","01-JAN-1000","DBFO26","ADC","27/09/2018 09:38:44","0"
"43","0","","*","2600000043","","ASPHALT","63.885239681","2.000000000","433954.563274717","562447.750261458","433916.190760353","562399.873965905","01-JAN-1000","0011","DBFO (AREA) 26","AUTOLINK","","","","","","","","","","","","","","","","","","","","","","","","","","","","","","","4520A19/59","L2","138.580000000","197.740000000","01-JAN-1000","DBFO26","ADC","27/09/2018 09:38:44","0"
"44","0","","*","2600000044","","ASPHALT","5.037457199","1.800000000","433829.972156418","563528.121008548","433826.468005450","563524.502044466","01-JAN-1000","0011","DBFO (AREA) 26","AUTOLINK","","","","","","","","","","","","","","","","","","","","","","","","","","","","","","","4520A19/23","R1","15.310000000","18.610000000","01-JAN-1000","DBFO26","ADC","27/09/2018 09:38:44","0"
"45","0","","*","2600000045","","ASPHALT","73.544448750","1.800000000","433970.031009343","562917.625760995","433969.157032866","562844.246765514","01-JAN-1000","0011","DBFO (AREA) 26","AUTOLINK","","","","","","","","","","","","","","","","","","","","","","","","","","","","","","","4520A19/23","L2","653.070000000","727.210000000","01-JAN-1000","DBFO26","ADC","27/09/2018 09:38:44","0"
"46","0","","*","2600000046","","ASPHALT","27.033988379","1.800000000","433888.371924197","563314.812067598","433896.402613710","563288.999456381","01-JAN-1000","0011","DBFO (AREA) 26","AUTOLINK","","","","","","","","","","","","","","","","","","","","","","","","","","","","","","","4520A19/23","L2","240.100000000","267.600000000","01-JAN-1000","DBFO26","ADC","27/09/2018 09:38:44","0"
"47","0","","*","2600000047","","ASPHALT","4.389198519","1.200000000","433802.342956668","563615.875888975","433806.341811303","563614.066406934","01-JAN-1000","0011","DBFO (AREA) 26","AUTOLINK","","","","","","","","","","","","","","","","","","","","","","","","","","","","","","","4520A19/21","L2","530.610801481","535.000000000","01-JAN-1000","DBFO26","ADC","27/09/2018 09:38:44","0"
"48","0","","*","2600000048","","BLOCK PAVING","253.110865226","1.800000000","433736.341242554","563947.620927946","433780.435829323","563699.691896892","01-JAN-1000","0011","DBFO (AREA) 26","AUTOLINK","","","","","","","","","","","","","","","","","","","","","","","","","","","","","","","4520A19/21","L2","191.220000000","445.620000000","01-JAN-1000","DBFO26","ADC","27/09/2018 09:38:44","0"
"49","0","","*","2600000049","","ASPHALT","17.220776931","1.800000000","433692.972221162","564131.498293597","433695.750806753","564114.503158404","01-JAN-1000","0011","DBFO (AREA) 26","AUTOLINK","","","","","","","","","","","","","","","","","","","","","","","","","","","","","","","4520A19/21","L2","0.240000000","17.630000000","01-JAN-1000","DBFO26","ADC","27/09/2018 09:38:44","0"
"50","0","","*","2600000050","","ASPHALT","57.785421194","1.800000000","433698.339755939","564095.558581233","433720.436519690","564042.503768015","01-JAN-1000","0011","DBFO (AREA) 26","AUTOLINK","","","","","","","","","","","","","","","","","","","","","","","","","","","","","","","4520A19/21","L2","37.110000000","94.170000000","01-JAN-1000","DBFO26","ADC","27/09/2018 09:38:44","0"
"51","0","","*","2600000051","","ASPHALT","149.698691460","1.800000000","433853.280944151","563460.120473499","433888.371924197","563314.812067598","01-JAN-1000","0011","DBFO (AREA) 26","AUTOLINK","","","","","","","","","","","","","","","","","","","","","","","","","","","","","","","4520A19/23","L1","87.710000000","240.100000000","01-JAN-1000","DBFO26","ADC","27/09/2018 09:38:44","0"
"52","0","","*","2600000052","","ASPHALT","77.023891973","1.800000000","433837.936885442","563535.248968191","433853.280944151","563460.120473499","01-JAN-1000","0011","DBFO (AREA) 26","AUTOLINK","","","","","","","","","","","","","","","","","","","","","","","","","","","","","","","4520A19/23","L1","8.960000000","87.710000000","01-JAN-1000","DBFO26","ADC","27/09/2018 09:38:44","0"
"53","0","","*","2600000053","","ASPHALT","5.060332035","1.500000000","433839.280830401","563540.127571705","433837.936885442","563535.248968191","01-JAN-1000","0011","DBFO (AREA) 26","AUTOLINK","","","","","","","","","","","","","","","","","","","","","","","","","","","","","","","4520A19/23","L2","3.010000000","8.960000000","01-JAN-1000","DBFO26","ADC","27/09/2018 09:38:44","0"
"54","0","","*","2600000054","","ASPHALT","3.729479486","1.000000000","433799.688046994","563618.495139223","433802.342956668","563615.875888975","01-JAN-1000","0011","DBFO (AREA) 26","AUTOLINK","","","","","","","","","","","","","","","","","","","","","","","","","","","","","","","4520A19/21","L1","532.330000000","535.000000000","01-JAN-1000","DBFO26","ADC","27/09/2018 09:38:44","0"
"55","0","","*","2600000055","","ASPHALT","3.990007106","2.000000000","434201.123581884","559900.129510312","434198.122379644","559897.500262926","01-JAN-1000","0011","DBFO (AREA) 26","AUTOLINK","","","","","","","","","","","","","","","","","","","","","","","","","","","","","","","4525A19/161","R1","0.000000000","460.000000000","01-JAN-1000","DBFO26","ADC","27/09/2018 09:38:44","0"
"56","0","","*","2600000056","","ASPHALT","7.040333943","5.000000000","434205.188397007","559905.877864863","434201.123581884","559900.129510312","01-JAN-1000","0011","DBFO (AREA) 26","AUTOLINK","","","","","","","","","","","","","","","","","","","","","","","","","","","","","","","4525A19/161","R1","452.959666057","460.000000000","01-JAN-1000","DBFO26","ADC","27/09/2018 09:38:44","0"
"57","0","","*","2600000057","","ASPHALT","5.857717768","3.600000000","434212.435805715","559919.433984464","434218.157878119","559918.184342170","01-JAN-1000","0011","DBFO (AREA) 26","AUTOLINK","","","","","","","","","","","","","","","","","","","","","","","","","","","","","","","4525A19/161","L1","454.142282232","460.000000000","01-JAN-1000","DBFO26","ADC","27/09/2018 09:38:44","0"
"58","0","","*","2600000058","","ASPHALT","66.154505200","2.500000000","434783.686619044","556920.122528437","434808.215675819","556858.690113283","01-JAN-1000","0011","DBFO (AREA) 26","AUTOLINK","","","","","","","","","","","","","","","","","","","","","","","","","","","","","","","4525A19/172","L1","381.970000000","451.600000000","01-JAN-1000","DBFO26","ADC","27/09/2018 09:38:44","0"
"59","0","","*","2600000059","","ASPHALT","23.479032842","1.200000000","434726.878148057","557258.065793184","434717.214936447","557236.691911394","01-JAN-1000","0011","DBFO (AREA) 26","AUTOLINK","","","","","","","","","","","","","","","","","","","","","","","","","","","","","","","4525A19/172","L1","9.500000000","34.530000000","01-JAN-1000","DBFO26","ADC","27/09/2018 09:38:44","0"
"60","0","","*","2600000060","","ASPHALT","1.249951472","2.800000000","434899.876020080","555091.495967346","434899.125719520","555090.496253511","01-JAN-1000","0011","DBFO (AREA) 26","AUTOLINK","","","","","","","","","","","","","","","","","","","","","","","","","","","","","","","4525A19/182","L1","5.660000000","6.960000000","01-JAN-1000","DBFO26","ADC","27/09/2018 09:38:44","0"
"61","0","","*","2600000061","","CONCRETE","11.477444124","1.000000000","434703.280783186","557372.752964323","434710.783788788","557364.125433928","01-JAN-1000","0011","DBFO (AREA) 26","AUTOLINK","","","","","","","","","","","","","","","","","","","","","","","","","","","","","","","4525A19/171","L1","444.970000000","455.000000000","01-JAN-1000","DBFO26","ADC","27/09/2018 09:38:44","0"
"62","0","","*","2600000062","","ASPHALT","8.283507031","2.200000000","434890.781717686","555091.186056057","434882.685067685","555089.436556846","01-JAN-1000","0011","DBFO (AREA) 26","AUTOLINK","","","","","","","","","","","","","","","","","","","","","","","","","","","","","","","4525A19/182","R1","10.550000000","15.830000000","01-JAN-1000","DBFO26","ADC","27/09/2018 09:38:44","0"
"63","0","","*","2600000063","","ASPHALT","8.032778576","2.000000000","434883.559044161","555198.685284723","434875.561334893","555199.435070099","01-JAN-1000","0011","DBFO (AREA) 26","AUTOLINK","","","","","","","","","","","","","","","","","","","","","","","","","","","","","","","4525A19/181","R1","709.750000000","713.670000000","01-JAN-1000","DBFO26","ADC","27/09/2018 09:38:44","0"
"64","0","","*","2600000064","","ASPHALT","7.542407013","1.600000000","435622.341254003","552443.623912837","435617.691039542","552437.685612658","01-JAN-1000","0011","DBFO (AREA) 26","AUTOLINK","","","","","","","","","","","","","","","","","","","","","","","","","","","","","","","4525A19/193","R1","589.590000000","590.890000000","01-JAN-1000","DBFO26","ADC","27/09/2018 09:38:44","0"
"65","0","","*","2600000065","","ASPHALT","5.586922522","4.500000000","435625.284740816","552448.372553553","435622.341254003","552443.623912837","01-JAN-1000","0011","DBFO (AREA) 26","AUTOLINK","","","","","","","","","","","","","","","","","","","","","","","","","","","","","","","4525A19/193","R1","590.890000000","591.240000000","01-JAN-1000","DBFO26","ADC","27/09/2018 09:38:44","0"
"66","0","","*","2600000066","","ASPHALT","18.186681950","1.600000000","435621.310621365","552462.128615921","435638.658229922","552457.749869324","01-JAN-1000","0011","DBFO (AREA) 26","AUTOLINK","","","","","","","","","","","","","","","","","","","","","","","","","","","","","","","4525A19/193","L1","581.240000000","596.000000000","01-JAN-1000","DBFO26","ADC","27/09/2018 09:38:44","0"
"67","0","","*","2600000067","","ASPHALT","6.279503070","1.600000000","440073.000501194","550096.875662536","440066.965116468","550095.496057444","01-JAN-1000","0011","DBFO (AREA) 26","AUTOLINK","","","","","","","","","","","","","","","","","","","","","","","","","","","","","","","1300A19/440","R1","451.950000000","457.850000000","01-JAN-1000","DBFO26","ADC","27/09/2018 09:38:44","0"
"68","0","","*","2600000068","","ASPHALT","12.268239112","1.500000000","441079.689481394","546667.567291846","441085.906257464","546657.750101987","01-JAN-1000","0011","DBFO (AREA) 26","AUTOLINK","","","","","","","","","","","","","","","","","","","","","","","","","","","","","","","1300A19/524","R1","12.880000000","22.290000000","01-JAN-1000","DBFO26","ADC","27/09/2018 09:38:44","0"
"69","0","","*","2600000069","","ASPHALT","5.507948012","1.500000000","441098.282094176","546657.370210730","441099.469382975","546662.748671162","01-JAN-1000","0011","DBFO (AREA) 26","AUTOLINK","","","","","","","","","","","","","","","","","","","","","","","","","","","","","","","1300A19/524","L2","16.540000000","21.950000000","01-JAN-1000","DBFO26","ADC","27/09/2018 09:38:44","0"
"70","0","","*","2600000070","","ASPHALT","5.772182811","3.600000000","441054.096811736","546705.126540623","441057.378346054","546700.377899907","01-JAN-1000","0011","DBFO (AREA) 26","AUTOLINK","","","","","","","","","","","","","","","","","","","","","","","","","","","","","","","1300A19/521","R1","519.660000000","523.980000000","01-JAN-1000","DBFO26","ADC","27/09/2018 09:38:44","0"
"71","0","","*","2600000071","","CONCRETE","11.800007521","3.000000000","441057.312385565","546714.503856394","441068.871961229","546712.814340013","01-JAN-1000","0011","DBFO (AREA) 26","AUTOLINK","","","","","","","","","","","","","","","","","","","","","","","","","","","","","","","1300A19/521","L1","520.570000000","532.790000000","01-JAN-1000","DBFO26","ADC","27/09/2018 09:38:44","0"
"72","0","","*","2600000072","","ASPHALT","61.135987528","10.000000000","444368.058955284","499324.629066945","444381.127377129","499264.906162449","01-JAN-1000","0011","DBFO (AREA) 26","AUTOLINK","","","","","","","","","","","","","","","","","","","","","","","","","","","","","","","2700A19/886","L2","229.710000000","313.840000000","01-JAN-1000","DBFO26","ADC","27/09/2018 09:38:44","0"
"73","0","","*","2600000073","","ASPHALT","21.862536159","2.000000000","446831.815133270","520568.498072698","446849.814101654","520579.784841894","01-JAN-1000","0011","DBFO (AREA) 26","AUTOLINK","","","","","","","","","","","","","","","","","","","","","","","","","","","","","","","0700A19/388","L1","29.760000000","47.260000000","01-JAN-1000","DBFO26","ADC","27/09/2018 09:38:44","0"
"74","0","","*","2600000074","","BLOCK PAVING","54.095178008","1.500000000","446860.433740352","520584.153591352","446913.589649271","520587.342678485","01-JAN-1000","0011","DBFO (AREA) 26","AUTOLINK","","","","","","","","","","","","","","","","","","","","","","","","","","","","","","","0700A19/388","L1","57.420000000","103.640000000","01-JAN-1000","DBFO26","ADC","27/09/2018 09:38:44","0"
"75","0","","*","2600000075","","ASPHALT","18.700776559","2.000000000","446849.814101654","520579.784841894","446862.090997634","520593.870809827","01-JAN-1000","0011","DBFO (AREA) 26","AUTOLINK","","","","","","","","","","","","","","","","","","","","","","","","","","","","","","","0700A19/388","L2","47.260000000","62.530000000","01-JAN-1000","DBFO26","ADC","27/09/2018 09:38:44","0"
"76","0","","*","2600000076","","ASPHALT","461.289448458","3.000000000","446688.186168889","520543.315281197","446254.627875949","520693.692236241","01-JAN-1000","0011","DBFO (AREA) 26","AUTOLINK","","","","","","","","","","","","","","","","","","","","","","","","","","","","","","","0700A19/395","L2","90.860000000","561.240000000","01-JAN-1000","DBFO26","ADC","27/09/2018 09:38:44","0"
"77","0","","*","2600000077","","ASPHALT","54.518000113","3.500000000","446741.309097564","520531.188752380","446688.186168889","520543.315281197","01-JAN-1000","0011","DBFO (AREA) 26","AUTOLINK","","","","","","","","","","","","","","","","","","","","","","","","","","","","","","","0700A19/395","L1","34.580000000","90.860000000","01-JAN-1000","DBFO26","ADC","27/09/2018 09:38:44","0"
"78","0","","*","2600000078","","ASPHALT","128.198294470","3.500000000","446839.433569728","520459.219353406","446741.309097564","520531.188752380","01-JAN-1000","0011","DBFO (AREA) 26","AUTOLINK","","","","","","","","","","","","","","","","","","","","","","","","","","","","","","","0700A19/392","L1","7.920000000","96.880000000","01-JAN-1000","DBFO26","ADC","27/09/2018 09:38:44","0"
"79","0","","*","2600000079","","ASPHALT","24.430907264","2.500000000","446499.341289430","518578.717641421","446521.784345747","518582.686505346","01-JAN-1000","0011","DBFO (AREA) 26","AUTOLINK","","","","","","","","","","","","","","","","","","","","","","","","","","","","","","","0700A66/178","L1","10.180000000","33.390000000","01-JAN-1000","DBFO26","ADC","27/09/2018 09:38:44","0"
"80","0","","*","2600000080","","ASPHALT","17.282334084","3.200000000","444624.909098706","526157.688183671","444639.090603799","526167.565356359","01-JAN-1000","0011","DBFO (AREA) 26","AUTOLINK","","","","","","","","","","","","","","","","","","","","","","","","","","","","","","","0700A19/239","L1","0.000000000","17.390000000","01-JAN-1000","DBFO26","ADC","27/09/2018 09:38:44","0"
"81","0","","*","2600000081","","ASPHALT","38.709629896","2.500000000","446976.969433955","520482.872582739","446939.058643012","520482.402717237","01-JAN-1000","0011","DBFO (AREA) 26","AUTOLINK","","","","","","","","","","","","","","","","","","","","","","","","","","","","","","","0700A19/387","R2","0.000000000","25.420000000","01-JAN-1000","DBFO26","ADC","27/09/2018 09:38:44","0"
"82","0","","*","2600000082","","ASPHALT","34.015374540","3.500000000","446932.965542859","520458.129665326","446900.438776815","520449.122243673","01-JAN-1000","0011","DBFO (AREA) 26","AUTOLINK","","","","","","","","","","","","","","","","","","","","","","","","","","","","","","","0700A19/382","L1","30.350000000","31.670000000","01-JAN-1000","DBFO26","ADC","27/09/2018 09:38:44","0"
"83","0","","*","2600000083","","ASPHALT","20.172970394","2.500000000","446952.844385173","520455.500417940","446932.965542859","520458.129665326","01-JAN-1000","0011","DBFO (AREA) 26","AUTOLINK","","","","","","","","","","","","","","","","","","","","","","","","","","","","","","","0700A19/382","L2","7.730000000","31.670000000","01-JAN-1000","DBFO26","ADC","27/09/2018 09:38:44","0"
"84","0","","*","2600000084","","ASPHALT","18.390515755","2.500000000","446969.936396836","520448.812332384","446952.844385173","520455.500417940","01-JAN-1000","0011","DBFO (AREA) 26","AUTOLINK","","","","","","","","","","","","","","","","","","","","","","","","","","","","","","","0700A19/385","L2","358.460000000","374.000000000","01-JAN-1000","DBFO26","ADC","27/09/2018 09:38:44","0"
"85","0","","*","2600000085","","ASPHALT","140.525414801","2.000000000","447083.215291304","520367.655563268","446969.936396836","520448.812332384","01-JAN-1000","0011","DBFO (AREA) 26","AUTOLINK","","","","","","","","","","","","","","","","","","","","","","","","","","","","","","","0700A19/385","L2","216.160000000","358.460000000","01-JAN-1000","DBFO26","ADC","27/09/2018 09:38:44","0"
"86","0","","*","2600000086","","ASPHALT","9.541221751","1.000000000","444968.126257161","522689.091059270","444976.750591073","522690.910538449","01-JAN-1000","0011","DBFO (AREA) 26","AUTOLINK","","","","","","","","","","","","","","","","","","","","","","","","","","","","","","","0700A19/227","L2","5.650000000","8.090000000","01-JAN-1000","DBFO26","ADC","27/09/2018 09:38:44","0"
"87","0","","*","2600000087","","ASPHALT","8.028335593","2.000000000","445053.091611808","521862.717606210","445045.093902540","521862.097783632","01-JAN-1000","0011","DBFO (AREA) 26","AUTOLINK","","","","","","","","","","","","","","","","","","","","","","","","","","","","","","","0700A19/397","L1","413.490000000","414.000000000","01-JAN-1000","DBFO26","ADC","27/09/2018 09:38:44","0"
"88","0","","*","2600000088","","ASPHALT","16.290861902","1.500000000","451662.563452160","515662.252470892","451672.746102620","515649.536110913","01-JAN-1000","0011","DBFO (AREA) 26","AUTOLINK","","","","","","","","","","","","","","","","","","","","","","","","","","","","","","","0700A174/67","R1","11.630000000","23.800000000","01-JAN-1000","DBFO26","ADC","27/09/2018 09:38:44","0"
"89","0","","*","2600000089","","ASPHALT","10.015135677","1.500000000","451657.187672323","515675.408704960","451665.127666163","515669.340441982","01-JAN-1000","0011","DBFO (AREA) 26","AUTOLINK","","","","","","","","","","","","","","","","","","","","","","","","","","","","","","","0700A174/67","L2","0.470000000","10.770000000","01-JAN-1000","DBFO26","ADC","27/09/2018 09:38:44","0"
"90","0","","*","2600000090","","CONCRETE","3.374368533","1.000000000","451632.435998897","515649.066245410","451632.246362492","515652.435281034","01-JAN-1000","0011","DBFO (AREA) 26","AUTOLINK","","","","","","","","","","","","","","","","","","","","","","","","","","","","","","","0700A174/53","L2","27.560000000","30.830000000","01-JAN-1000","DBFO26","ADC","27/09/2018 09:38:44","0"
"91","0","","*","2600000091","","ASPHALT","23.067447534","1.500000000","449303.313423631","515406.745608971","449312.844714264","515385.871584098","01-JAN-1000","0011","DBFO (AREA) 26","AUTOLINK","","","","","","","","","","","","","","","","","","","","","","","","","","","","","","","0700A174/33","L2","587.270000000","611.000000000","01-JAN-1000","DBFO26","ADC","27/09/2018 09:38:44","0"
"92","0","","*","2600000092","","ASPHALT","90.287366378","1.000000000","442508.533835031","484978.655559145","442503.001399032","485068.749769946","01-JAN-1000","0011","DBFO (AREA) 26","AUTOLINK","","","","","","","","","","","","","","","","","","","","","","","","","","","","","","","2700A19/694","L1","545.420000000","636.000000000","01-JAN-1000","DBFO26","ADC","27/09/2018 09:38:44","0"
"93","0","","*","2600000093","","ASPHALT","329.199544032","1.000000000","442533.656536206","484651.629169476","442508.533835031","484978.655559145","01-JAN-1000","0011","DBFO (AREA) 26","AUTOLINK","","","","","","","","","","","","","","","","","","","","","","","","","","","","","","","2700A19/694","L2","212.850000000","545.420000000","01-JAN-1000","DBFO26","ADC","27/09/2018 09:38:44","0"
"94","0","","*","2600000094","","ASPHALT","145.879359142","1.000000000","442522.904976530","484495.533851296","442532.378551735","484641.032202826","01-JAN-1000","0011","DBFO (AREA) 26","AUTOLINK","","","","","","","","","","","","","","","","","","","","","","","","","","","","","","","2700A19/694","L2","55.380000000","202.090000000","01-JAN-1000","DBFO26","ADC","27/09/2018 09:38:44","0"
"95","0","","*","2600000095","","ASPHALT","51.731681805","1.000000000","442512.532689665","484446.497887694","442522.904976530","484495.533851296","01-JAN-1000","0011","DBFO (AREA) 26","AUTOLINK","","","","","","","","","","","","","","","","","","","","","","","","","","","","","","","2700A19/694","L2","0.000000000","55.380000000","01-JAN-1000","DBFO26","ADC","27/09/2018 09:38:44","0"
"96","0","","*","2600000096","","ASPHALT","16.303450003","1.000000000","442503.438387270","484432.971759508","442512.532689665","484446.497887694","01-JAN-1000","0011","DBFO (AREA) 26","AUTOLINK","","","","","","","","","","","","","","","","","","","","","","","","","","","","","","","2700A19/672","L2","67.290000000","88.760000000","01-JAN-1000","DBFO26","ADC","27/09/2018 09:38:44","0"
"97","0","","*","2600000097","","ASPHALT","51.774625439","1.000000000","442525.403230044","484371.939229888","442491.779870873","484409.498478665","01-JAN-1000","0011","DBFO (AREA) 26","AUTOLINK","","","","","","","","","","","","","","","","","","","","","","","","","","","","","","","2700A19/672","L2","9.960000000","47.630000000","01-JAN-1000","DBFO26","ADC","27/09/2018 09:38:44","0"
"98","0","","*","2600000098","","ASPHALT","12.586072383","1.000000000","443938.903524972","481673.531641026","443951.468998090","481674.251434987","01-JAN-1000","0011","DBFO (AREA) 26","AUTOLINK","","","","","","","","","","","","","","","","","","","","","","","","","","","","","","","2700A19/594","L2","0.000000000","11.510000000","01-JAN-1000","DBFO26","ADC","27/09/2018 09:38:44","0"
"99","0","","*","2600000099","","ASPHALT","15.544322280","1.000000000","443926.090700021","481590.435427069","443912.840886831","481598.563100547","01-JAN-1000","0011","DBFO (AREA) 26","AUTOLINK","","","","","","","","","","","","","","","","","","","","","","","","","","","","","","","2700A168/272","L2","434.640000000","445.000000000","01-JAN-1000","DBFO26","ADC","27/09/2018 09:38:44","0"
"100","0","","*","2600000100","","ASPHALT","26.930877779","1.500000000","437623.904041845","473420.284108557","437650.345952796","473416.495193123","01-JAN-1000","0011","DBFO (AREA) 26","AUTOLINK","","","","","","","","","","","","","","","","","","","","","","","","","","","","","","","2700A168/120","L1","0.000000000","26.950000000","01-JAN-1000","DBFO26","ADC","27/09/2018 09:38:44","0"
"101","0","","*","2600000101","","ASPHALT","481.235593594","1.500000000","440964.440017322","538778.375549491","441084.941585315","538318.127294184","01-JAN-1000","0011","DBFO (AREA) 26","AUTOLINK","","","","","","","","","","","","","","","","","","","","","","","","","","","","","","","1300A19/650","L2","0.000000000","485.550000000","01-JAN-1000","DBFO26","ADC","27/09/2018 09:38:44","0"
"102","0","","*","2600000102","","ASPHALT","54.832920455","2.000000000","441507.467986502","541052.504586826","441501.407866593","540998.120154208","01-JAN-1000","0011","DBFO (AREA) 26","AUTOLINK","","","","","","","","","","","","","","","","","","","","","","","","","","","","","","","1300A19/630","L1","68.450000000","124.940000000","01-JAN-1000","DBFO26","ADC","27/09/2018 09:38:44","0"
"103","0","","*","2600000103","","ASPHALT","65.301765080","1.500000000","441520.313791697","541116.186358108","441507.467986502","541052.504586826","01-JAN-1000","0011","DBFO (AREA) 26","AUTOLINK","","","","","","","","","","","","","","","","","","","","","","","","","","","","","","","1300A19/630","L2","0.000000000","68.450000000","01-JAN-1000","DBFO26","ADC","27/09/2018 09:38:44","0"
"104","0","","*","2600000104","","ASPHALT","162.776485572","1.000000000","441379.784970290","542722.126662478","441381.466962755","542559.373250158","01-JAN-1000","0011","DBFO (AREA) 26","AUTOLINK","","","","","","","","","","","","","","","","","","","","","","","","","","","","","","","1300A19/607","R2","0.000000000","158.860000000","01-JAN-1000","DBFO26","ADC","27/09/2018 09:38:44","0"
"105","0","","*","2600000105","","ASPHALT","357.455778669","1.500000000","441391.938190353","542561.122749369","441412.691009145","542204.434850218","01-JAN-1000","0011","DBFO (AREA) 26","AUTOLINK","","","","","","","","","","","","","","","","","","","","","","","","","","","","","","","1300A19/607","L1","157.070000000","509.850000000","01-JAN-1000","DBFO26","ADC","27/09/2018 09:38:44","0"
"106","0","","*","2600000106","","ASPHALT","14.346444222","3.600000000","455726.809665787","520866.312824112","455741.065376431","520867.872377694","01-JAN-1000","0011","DBFO (AREA) 26","AUTOLINK","","","","","","","","","","","","","","","","","","","","","","","","","","","","","","","0700A1053/10","L1","17.480000000","19.960000000","01-JAN-1000","DBFO26","ADC","27/09/2018 09:38:44","0"
"107","0","","*","2600000107","","ASPHALT","16.907424439","2.500000000","455744.404626177","520882.218271225","455735.870987937","520867.622449236","01-JAN-1000","0011","DBFO (AREA) 26","AUTOLINK","","","","","","","","","","","","","","","","","","","","","","","","","","","","","","","0700A1053/10","L2","0.000000000","18.080000000","01-JAN-1000","DBFO26","ADC","27/09/2018 09:38:44","0"
"108","0","","*","2600000108","","ASPHALT","236.742124591","3.000000000","440616.003735190","547833.683494555","440622.814155659","547597.371138264","01-JAN-1000","0011","DBFO (AREA) 26","AUTOLINK","","","","","","","","","","","","","","","","","","","","","","","","","","","","","","","1300A19/515","L2","711.810000000","950.550000000","01-JAN-1000","DBFO26","ADC","27/09/2018 09:38:44","0"
"109","0","","*","2600000109","","CONCRETE","83.673847755","2.000000000","440281.559321746","548990.812269889","440296.532352706","548909.125652440","01-JAN-1000","0011","DBFO (AREA) 26","AUTOLINK","","","","","","","","","","","","","","","","","","","","","","","","","","","","","","","1300A19/510","L1","405.100000000","488.940000000","01-JAN-1000","DBFO26","ADC","27/09/2018 09:38:44","0"
"110","0","","*","2600000110","","ASPHALT","56.405699466","1.500000000","436804.938612795","551627.377560925","436856.659881082","551604.874002501","01-JAN-1000","0011","DBFO (AREA) 26","AUTOLINK","","","","","","","","","","","","","","","","","","","","","","","","","","","","","","","1300A19/415","L2","836.280000000","893.640000000","01-JAN-1000","DBFO26","ADC","27/09/2018 09:38:44","0"
"111","0","","*","2600000111","","ASPHALT","27.659958473","1.500000000","434639.653646669","558828.686207767","434641.937528594","558801.124097339","01-JAN-1000","0011","DBFO (AREA) 26","AUTOLINK","","","","","","","","","","","","","","","","","","","","","","","","","","","","","","","4525A19/110","L1","607.220000000","634.620000000","01-JAN-1000","DBFO26","ADC","27/09/2018 09:38:44","0"
"112","0","","*","2600000112","","ASPHALT","44.978461012","2.000000000","434628.498078999","558872.253736692","434639.653646669","558828.686207767","01-JAN-1000","0011","DBFO (AREA) 26","AUTOLINK","","","","","","","","","","","","","","","","","","","","","","","","","","","","","","","4525A19/110","L1","562.450000000","607.220000000","01-JAN-1000","DBFO26","ADC","27/09/2018 09:38:44","0"
"113","0","","*","2600000113","","ASPHALT","27.458290677","1.500000000","434617.185855168","558897.126616904","434628.498078999","558872.253736692","01-JAN-1000","0011","DBFO (AREA) 26","AUTOLINK","","","","","","","","","","","","","","","","","","","","","","","","","","","","","","","4525A19/110","L1","535.390000000","562.450000000","01-JAN-1000","DBFO26","ADC","27/09/2018 09:38:44","0"
"114","0","","*","2600000114","","ASPHALT","6.400880438","2.000000000","433844.903962072","560995.066087977","433846.940492164","560988.997824999","01-JAN-1000","0011","DBFO (AREA) 26","AUTOLINK","","","","","","","","","","","","","","","","","","","","","","","","","","","","","","","4520A19/69","L1","1421.210000000","1427.000000000","01-JAN-1000","DBFO26","ADC","27/09/2018 09:38:44","0"
"115","0","","*","2600000115","","ASPHALT","55.828316728","1.500000000","433969.190013110","562843.436997308","433968.777760055","562787.622973906","01-JAN-1000","0011","DBFO (AREA) 26","AUTOLINK","","","","","","","","","","","","","","","","","","","","","","","","","","","","","","","4520A19/49","L2","0.080000000","55.860000000","01-JAN-1000","DBFO26","ADC","27/09/2018 09:38:44","0"
"116","0","","*","2600000116","","ASPHALT","120.988774931","1.500000000","433672.813046770","564250.684176993","433693.532885317","564131.498293597","01-JAN-1000","0011","DBFO (AREA) 26","AUTOLINK","","","","","","","","","","","","","","","","","","","","","","","","","","","","","","","4520A19/5","L2","668.210000000","790.000000000","01-JAN-1000","DBFO26","ADC","27/09/2018 09:38:44","0"
"117","0","","*","2600000117","","ASPHALT","21.312550545","2.000000000","433667.214650283","564271.248290577","433672.813046770","564250.684176993","01-JAN-1000","0011","DBFO (AREA) 26","AUTOLINK","","","","","","","","","","","","","","","","","","","","","","","","","","","","","","","4520A19/5","L1","646.850000000","668.210000000","01-JAN-1000","DBFO26","ADC","27/09/2018 09:38:44","0"
"118","0","","*","2600000118","","ASPHALT","90.878634325","3.000000000","433651.878836635","564360.812653045","433667.214650283","564271.248290577","01-JAN-1000","0011","DBFO (AREA) 26","AUTOLINK","","","","","","","","","","","","","","","","","","","","","","","","","","","","","","","4520A19/5","L1","555.440000000","646.850000000","01-JAN-1000","DBFO26","ADC","27/09/2018 09:38:44","0"
"119","0","","*","2600000119","","ASPHALT","16.429189681","2.000000000","433648.440646155","564376.878054371","433651.878836635","564360.812653045","01-JAN-1000","0011","DBFO (AREA) 26","AUTOLINK","","","","","","","","","","","","","","","","","","","","","","","","","","","","","","","4520A19/5","L1","538.890000000","555.440000000","01-JAN-1000","DBFO26","ADC","27/09/2018 09:38:44","0"
"120","0","","*","2600000120","","ASPHALT","348.873708499","1.500000000","433486.779733146","564680.871037285","433648.440646155","564376.878054371","01-JAN-1000","0011","DBFO (AREA) 26","AUTOLINK","","","","","","","","","","","","","","","","","","","","","","","","","","","","","","","4520A19/5","L2","191.070000000","538.890000000","01-JAN-1000","DBFO26","ADC","27/09/2018 09:38:44","0"
"121","0","","*","2600000121","","ASPHALT","187.174659836","2.000000000","433397.716583132","564844.504197780","433486.779733146","564680.871037285","01-JAN-1000","0011","DBFO (AREA) 26","AUTOLINK","","","","","","","","","","","","","","","","","","","","","","","","","","","","","","","4520A19/5","L1","0.000000000","191.070000000","01-JAN-1000","DBFO26","ADC","27/09/2018 09:38:44","0"
"122","0","","*","2600000122","","ASPHALT","73.743874652","1.000000000","444290.373989590","499919.378821599","444296.722686637","499845.909851873","01-JAN-1000","0011","DBFO (AREA) 26","AUTOLINK","","","","","","","","","","","","","","","","","","","","","","","","","","","","","","","2700A19/917","L1","616.860000000","691.970000000","01-JAN-1000","DBFO26","ADC","27/09/2018 09:38:44","0"
"123","0","","*","2600000123","","CONCRETE","73.417971939","1.000000000","444265.968608730","501553.251130515","444266.842585207","501479.842143619","01-JAN-1000","0011","DBFO (AREA) 26","AUTOLINK","","","","","","","","","","","","","","","","","","","","","","","","","","","","","","","2700A19/929","L1","1370.960000000","1445.640000000","01-JAN-1000","DBFO26","ADC","27/09/2018 09:38:44","0"
"124","0","","*","2600000124","","CONCRETE FLAGS","40.883543298","0.600000000","439179.095711796","474321.156236593","439156.347588218","474289.815207869","01-JAN-1000","0011","DBFO (AREA) 26","AUTOLINK","","","","","","","","","","","","","","","","","","","","","","","","","","","","","","","2700A168/139","L2","274.440000000","315.330000000","01-JAN-1000","DBFO26","ADC","27/09/2018 09:38:44","0"
"125","0","","*","2600000125","","CONCRETE","27.241830291","0.500000000","438050.561218644","473480.246944374","438025.908485951","473478.377479502","01-JAN-1000","0011","DBFO (AREA) 26","AUTOLINK","","","","","","","","","","","","","","","","","","","","","","","","","","","","","","","2700A168/133","L2","301.360000000","326.870000000","01-JAN-1000","DBFO26","ADC","27/09/2018 09:38:44","0"
"126","0","","*","2600000126","","CONCRETE","3.116770692","2.000000000","438052.746159835","473477.027865825","438049.753202656","473476.158114789","01-JAN-1000","0011","DBFO (AREA) 26","AUTOLINK","","","","","","","","","","","","","","","","","","","","","","","","","","","","","","","2700A168/133","L3","299.730000000","302.930000000","01-JAN-1000","DBFO26","ADC","27/09/2018 09:38:44","0"
"127","0","","*","2600000127","","CONCRETE","2.510723970","1.500000000","438053.059472157","473480.496872832","438050.561218644","473480.246944374","01-JAN-1000","0011","DBFO (AREA) 26","AUTOLINK","","","","","","","","","","","","","","","","","","","","","","","","","","","","","","","2700A168/133","L2","298.790000000","301.360000000","01-JAN-1000","DBFO26","ADC","27/09/2018 09:38:44","0"
"128","0","","*","2600000128","","CONCRETE FLAGS","32.277636333","0.500000000","438701.714919103","473698.594443052","438676.278905606","473680.779542515","01-JAN-1000","0011","DBFO (AREA) 26","AUTOLINK","","","","","","","","","","","","","","","","","","","","","","","","","","","","","","","2700A168/135","L2","513.700000000","544.810000000","01-JAN-1000","DBFO26","ADC","27/09/2018 09:38:44","0"
"129","0","","*","2600000129","","CONCRETE FLAGS","3.531038756","0.600000000","438704.782081833","473700.343942263","438701.714919103","473698.594443052","01-JAN-1000","0011","DBFO (AREA) 26","AUTOLINK","","","","","","","","","","","","","","","","","","","","","","","","","","","","","","","2700A168/135","L2","510.190000000","513.700000000","01-JAN-1000","DBFO26","ADC","27/09/2018 09:38:44","0"
"130","0","","*","2600000130","","CONCRETE FLAGS","3.877070115","1.500000000","438707.939940234","473702.593298392","438704.782081833","473700.343942263","01-JAN-1000","0011","DBFO (AREA) 26","AUTOLINK","","","","","","","","","","","","","","","","","","","","","","","","","","","","","","","2700A168/135","L2","506.310000000","510.190000000","01-JAN-1000","DBFO26","ADC","27/09/2018 09:38:44","0"
"131","0","","*","2600000131","","ASPHALT","104.258688772","1.500000000","439069.535339884","474165.000935583","439013.122631830","474077.406009369","01-JAN-1000","0011","DBFO (AREA) 26","AUTOLINK","","","","","","","","","","","","","","","","","","","","","","","","","","","","","","","2700A168/139","L1","22.890000000","127.148688772","01-JAN-1000","DBFO26","ADC","27/09/2018 09:38:44","0"
"132","0","","*","2600000132","","CONCRETE","5.299223011","2.000000000","439174.404272029","474311.838903651","439171.221678444","474307.840048312","01-JAN-1000","0011","DBFO (AREA) 26","AUTOLINK","","","","","","","","","","","","","","","","","","","","","","","","","","","","","","","2700A168/139","L4","285.360000000","290.740000000","01-JAN-1000","DBFO26","ADC","27/09/2018 09:38:44","0"
"133","0","","*","2600000133","","ASPHALT","9.372096662","2.800000000","441556.938353109","477801.280061510","441549.872335745","477795.841618248","01-JAN-1000","0011","DBFO (AREA) 26","AUTOLINK","","","","","","","","","","","","","","","","","","","","","","","","","","","","","","","2700A168/171","L1","857.480000000","865.730000000","01-JAN-1000","DBFO26","ADC","27/09/2018 09:38:44","0"
"134","0","","*","2600000134","","ASPHALT","96.847349023","1.700000000","442165.910320975","479230.620916946","442129.500131152","479140.906597403","01-JAN-1000","0011","DBFO (AREA) 26","AUTOLINK","","","","","","","","","","","","","","","","","","","","","","","","","","","","","","","2700A168/231","L1","361.240000000","458.710000000","01-JAN-1000","DBFO26","ADC","27/09/2018 09:38:44","0"
"135","0","","*","2600000135","","ASPHALT","17.615167265","2.000000000","455705.685819246","520872.661006963","455717.278375154","520864.343387857","01-JAN-1000","0011","DBFO (AREA) 26","AUTOLINK","","","","","","","","","","","","","","","","","","","","","","","","","","","","","","","0700A1053/11","R1","941.270000000","951.800000000","01-JAN-1000","DBFO26","ADC","27/09/2018 09:38:44","0"
"136","0","","*","2600000136","","CONCRETE","75.810775738","2.000000000","440135.778396417","549661.440304611","440121.910203645","549735.499105499","01-JAN-1000","0011","DBFO (AREA) 26","AUTOLINK","","","","","","","","","","","","","","","","","","","","","","","","","","","","","","","1300A19/285","L1","496.920000000","573.190000000","01-JAN-1000","DBFO26","ADC","27/09/2018 09:38:44","0"
"137","0","","*","2600000137","","CONCRETE","41.778584206","1.500000000","433397.996915209","564772.254878933","433377.565653801","564808.684451076","01-JAN-1000","0011","DBFO (AREA) 26","AUTOLINK","","","","","","","","","","","","","","","","","","","","","","","","","","","","","","","4520A19/6","L1","660.620000000","702.370000000","01-JAN-1000","DBFO26","ADC","27/09/2018 09:38:44","0"
"138","0","","*","2600000138","","CONCRETE","28.017567620","1.500000000","433377.565653801","564808.684451076","433361.471294532","564831.557903618","01-JAN-1000","0011","DBFO (AREA) 26","AUTOLINK","","","","","","","","","","","","","","","","","","","","","","","","","","","","","","","4520A19/6","L1","702.370000000","731.000000000","01-JAN-1000","DBFO26","ADC","27/09/2018 09:38:44","0"
"139","0","","*","2600000139","","CONCRETE","33.767046454","1.500000000","433621.718403127","564373.129127490","433613.498077209","564405.879752722","01-JAN-1000","0011","DBFO (AREA) 26","AUTOLINK","","","","","","","","","","","","","","","","","","","","","","","","","","","","","","","4520A19/6","L2","196.240000000","230.020000000","01-JAN-1000","DBFO26","ADC","27/09/2018 09:38:44","0"
"140","0","","*","2600000140","","ASPHALT","128.118038988","4.000000000","433642.528937346","564246.745304483","433621.718403127","564373.129127490","01-JAN-1000","0011","DBFO (AREA) 26","AUTOLINK","","","","","","","","","","","","","","","","","","","","","","","","","","","","","","","4520A19/6","L1","67.680000000","196.240000000","01-JAN-1000","DBFO26","ADC","27/09/2018 09:38:44","0"
"141","0","","*","2600000141","","ASPHALT","65.915405818","1.500000000","433654.187453743","564181.873873737","433642.528937346","564246.745304483","01-JAN-1000","0011","DBFO (AREA) 26","AUTOLINK","","","","","","","","","","","","","","","","","","","","","","","","","","","","","","","4520A19/6","L2","1.710000000","67.680000000","01-JAN-1000","DBFO26","ADC","27/09/2018 09:38:44","0"
"142","0","","*","2600000142","","ASPHALT","13.913150419","1.000000000","433938.905903686","562847.435852647","433925.969402818","562842.317317813","01-JAN-1000","0011","DBFO (AREA) 26","AUTOLINK","","","","","","","","","","","","","","","","","","","","","","","","","","","","","","","4520A19/50","L4","57.580000000","62.400000000","01-JAN-1000","DBFO26","ADC","27/09/2018 09:38:44","0"
"143","0","","*","2600000143","","ASPHALT","157.871675798","1.500000000","433939.062559847","562786.683242901","433930.347530263","562942.438658377","01-JAN-1000","0011","DBFO (AREA) 26","AUTOLINK","","","","","","","","","","","","","","","","","","","","","","","","","","","","","","","4520A19/50","L2","1.970000000","157.850000000","01-JAN-1000","DBFO26","ADC","27/09/2018 09:38:44","0"
"144","0","","*","2600000144","","ASPHALT","9.109450789","1.500000000","433795.095547961","560996.995535678","433800.842355548","561004.063512491","01-JAN-1000","0011","DBFO (AREA) 26","AUTOLINK","","","","","","","","","","","","","","","","","","","","","","","","","","","","","","","4520A19/70","L1","0.000000000","9.380000000","01-JAN-1000","DBFO26","ADC","27/09/2018 09:38:44","0"
"145","0","","*","2600000145","","ASPHALT","11.414413332","1.500000000","443299.746388415","536392.058625606","443310.003244424","536397.067191918","01-JAN-1000","0011","DBFO (AREA) 26","AUTOLINK","","","","","","","","","","","","","","","","","","","","","","","","","","","","","","","1300A19/120","R1","1616.080000000","1616.240000000","01-JAN-1000","DBFO26","ADC","27/09/2018 09:38:44","0"
"146","0","","*","2600000146","","CONCRETE","8.788264961","1.500000000","444910.938513364","532752.370475501","444919.562847276","532754.059991882","01-JAN-1000","0011","DBFO (AREA) 26","AUTOLINK","","","","","","","","","","","","","","","","","","","","","","","","","","","","","","","0700A19/265","R1","30.350000000","30.760000000","01-JAN-1000","DBFO26","ADC","27/09/2018 09:38:44","0"
"147","0","","*","2600000147","","ASPHALT","25.815959438","1.500000000","443288.129097323","536386.750145142","443267.969922931","536397.317120377","01-JAN-1000","0011","DBFO (AREA) 26","AUTOLINK","","","","","","","","","","","","","","","","","","","","","","","","","","","","","","","1300A19/120","L1","1616.740000000","1635.460000000","01-JAN-1000","DBFO26","ADC","27/09/2018 09:38:44","0"
"148","0","","*","2600000148","","ASPHALT","42.174994875","1.500000000","443513.342941300","535877.815826076","443493.249727396","535914.875217935","01-JAN-1000","0011","DBFO (AREA) 26","AUTOLINK","","","","","","","","","","","","","","","","","","","","","","","","","","","","","","","1300A19/120","L2","1054.360000000","1096.950000000","01-JAN-1000","DBFO26","ADC","27/09/2018 09:38:44","0"
"149","0","","*","2600000149","","ASPHALT","24.098470425","1.500000000","443992.315030785","535059.250138066","443987.722531751","535082.813393155","01-JAN-1000","0011","DBFO (AREA) 26","AUTOLINK","","","","","","","","","","","","","","","","","","","","","","","","","","","","","","","1300A19/120","L1","88.890000000","113.510000000","01-JAN-1000","DBFO26","ADC","27/09/2018 09:38:44","0"
"150","0","","*","2600000150","","ASPHALT","11.633500400","1.500000000","443994.030003494","535044.874253121","443992.784999268","535056.440942190","01-JAN-1000","0011","DBFO (AREA) 26","AUTOLINK","","","","","","","","","","","","","","","","","","","","","","","","","","","","","","","1300A19/120","L1","74.330000000","86.010000000","01-JAN-1000","DBFO26","ADC","27/09/2018 09:38:44","0"
"151","0","","*","2600000151","","ASPHALT","6.139370112","1.500000000","443995.654280531","535034.997080432","443994.722588626","535041.065343410","01-JAN-1000","0011","DBFO (AREA) 26","AUTOLINK","","","","","","","","","","","","","","","","","","","","","","","","","","","","","","","1300A19/120","L1","63.700000000","70.420000000","01-JAN-1000","DBFO26","ADC","27/09/2018 09:38:44","0"
"152","0","","*","2600000152","","ASPHALT","61.259401830","1.500000000","443999.875751814","534972.814879902","443996.998225490","535031.937956097","01-JAN-1000","0011","DBFO (AREA) 26","AUTOLINK","","","","","","","","","","","","","","","","","","","","","","","","","","","","","","","1300A19/120","L2","0.980000000","60.440000000","01-JAN-1000","DBFO26","ADC","27/09/2018 09:38:44","0"
"153","0","","*","2600000153","","ASPHALT","41.554776613","1.700000000","444899.123340806","532750.061136542","444887.530784898","532789.939721416","01-JAN-1000","0011","DBFO (AREA) 26","AUTOLINK","","","","","","","","","","","","","","","","","","","","","","","","","","","","","","","0700A19/265","L2","31.320000000","72.900000000","01-JAN-1000","DBFO26","ADC","27/09/2018 09:38:44","0"
"154","0","","*","2600000154","","CONCRETE","41.263006410","2.500000000","445152.906321498","530255.815107041","445167.590775319","530294.374069653","01-JAN-1000","0011","DBFO (AREA) 26","AUTOLINK","","","","","","","","","","","","","","","","","","","","","","","","","","","","","","","0700A19/274","L1","910.870000000","952.080000000","01-JAN-1000","DBFO26","ADC","27/09/2018 09:38:44","0"
"155","0","","*","2600000155","","CONCRETE","85.526669622","3.000000000","443920.187236272","504766.371384410","443913.343835558","504851.566997419","01-JAN-1000","0011","DBFO (AREA) 26","AUTOLINK","","","","","","","","","","","","","","","","","","","","","","","","","","","","","","","2700A19/940","L2","1096.790000000","1182.040000000","01-JAN-1000","DBFO26","ADC","27/09/2018 09:38:44","0"
"156","0","","*","2600000156","","CONCRETE","43.364824199","1.000000000","444185.340156223","503391.754864296","444183.122234786","503435.062467623","01-JAN-1000","0011","DBFO (AREA) 26","AUTOLINK","","","","","","","","","","","","","","","","","","","","","","","","","","","","","","","2700A19/934","L1","497.620000000","541.440000000","01-JAN-1000","DBFO26","ADC","27/09/2018 09:38:44","0"
"157","0","","*","2600000157","","CONCRETE","45.197135682","2.000000000","444214.964660759","502870.624036444","444212.812699812","502915.751118951","01-JAN-1000","0011","DBFO (AREA) 26","AUTOLINK","","","","","","","","","","","","","","","","","","","","","","","","","","","","","","","2700A19/928","L1","1716.580000000","1742.820000000","01-JAN-1000","DBFO26","ADC","27/09/2018 09:38:44","0"
"158","0","","*","2600000158","","ASPHALT","125.434109497","3.000000000","446242.095383075","520746.407146755","446357.905511301","520702.659669340","01-JAN-1000","0011","DBFO (AREA) 26","AUTOLINK","","","","","","","","","","","","","","","","","","","","","","","","","","","","","","","0700A19/340","L2","943.420000000","1067.000000000","01-JAN-1000","DBFO26","ADC","27/09/2018 09:38:44","0"
"159","0","","*","2600000159","","ASPHALT","3.247067028","3.000000000","446239.440473401","520748.276611626","446242.095383075","520746.407146755","01-JAN-1000","0011","DBFO (AREA) 26","AUTOLINK","","","","","","","","","","","","","","","","","","","","","","","","","","","","","","","0700A19/340","L2","940.230000000","943.420000000","01-JAN-1000","DBFO26","ADC","27/09/2018 09:38:44","0"
"160","0","","*","2600000160","","ASPHALT","185.995419968","3.000000000","446070.812483761","520823.345123488","446239.440473401","520748.276611626","01-JAN-1000","0011","DBFO (AREA) 26","AUTOLINK","","","","","","","","","","","","","","","","","","","","","","","","","","","","","","","0700A19/340","L1","0.000000000","940.230000000","01-JAN-1000","DBFO26","ADC","27/09/2018 09:38:44","0"
"161","0","","*","2600000161","","ASPHALT","750.216990073","3.000000000","445468.873553014","521256.251205411","446070.812483761","520823.345123488","01-JAN-1000","0011","DBFO (AREA) 26","AUTOLINK","","","","","","","","","","","","","","","","","","","","","","","","","","","","","","","0700A19/340","L2","0.000000000","755.390000000","01-JAN-1000","DBFO26","ADC","27/09/2018 09:38:44","0"
"162","0","","*","2600000162","","ASPHALT","0.583688386","3.000000000","445468.527260448","521256.721070914","445468.873553014","521256.251205411","01-JAN-1000","0011","DBFO (AREA) 26","AUTOLINK","","","","","","","","","","","","","","","","","","","","","","","","","","","","","","","0700A19/342","L2","865.580000000","866.000000000","01-JAN-1000","DBFO26","ADC","27/09/2018 09:38:44","0"
"163","0","","*","2600000163","","CONCRETE","23.233731785","1.000000000","445261.279404611","521796.156659083","445263.621001963","521773.183235157","01-JAN-1000","0011","DBFO (AREA) 26","AUTOLINK","","","","","","","","","","","","","","","","","","","","","","","","","","","","","","","0700A19/342","L2","276.460000000","299.970000000","01-JAN-1000","DBFO26","ADC","27/09/2018 09:38:44","0"
"164","0","","*","2600000164","","CONCRETE","4.071476425","2.000000000","445260.248771973","521800.095531592","445261.279404611","521796.156659083","01-JAN-1000","0011","DBFO (AREA) 26","AUTOLINK","","","","","","","","","","","","","","","","","","","","","","","","","","","","","","","0700A19/342","L2","272.410000000","276.460000000","01-JAN-1000","DBFO26","ADC","27/09/2018 09:38:44","0"
"165","0","","*","2600000165","","ASPHALT","139.643935426","2.000000000","440988.936093854","538915.436316255","440964.687369155","538778.185603863","01-JAN-1000","0011","DBFO (AREA) 26","AUTOLINK","","","","","","","","","","","","","","","","","","","","","","","","","","","","","","","1300A19/640","L2","699.560000000","841.000000000","01-JAN-1000","DBFO26","ADC","27/09/2018 09:38:44","0"
"166","0","","*","2600000166","","ASPHALT","60.255233251","2.000000000","441002.565179854","538974.129515502","440988.936093854","538915.436316255","01-JAN-1000","0011","DBFO (AREA) 26","AUTOLINK","","","","","","","","","","","","","","","","","","","","","","","","","","","","","","","1300A19/640","L1","638.080000000","699.560000000","01-JAN-1000","DBFO26","ADC","27/09/2018 09:38:44","0"
"167","0","","*","2600000167","","ASPHALT","564.289541812","1.800000000","441133.653406300","539522.812456643","441002.565179854","538974.129515502","01-JAN-1000","0011","DBFO (AREA) 26","AUTOLINK","","","","","","","","","","","","","","","","","","","","","","","","","","","","","","","1300A19/640","L2","64.150000000","638.080000000","01-JAN-1000","DBFO26","ADC","27/09/2018 09:38:44","0"
"168","0","","*","2600000168","","ASPHALT","33.909201503","1.800000000","441159.402732119","539544.876140979","441133.653406300","539522.812456643","01-JAN-1000","0011","DBFO (AREA) 26","AUTOLINK","","","","","","","","","","","","","","","","","","","","","","","","","","","","","","","1300A19/640","L2","36.280000000","64.150000000","01-JAN-1000","DBFO26","ADC","27/09/2018 09:38:44","0"
"169","0","","*","2600000169","","ASPHALT","84.228030979","1.000000000","441174.565399484","539698.002309070","441162.873902842","539614.816120869","01-JAN-1000","0011","DBFO (AREA) 26","AUTOLINK","","","","","","","","","","","","","","","","","","","","","","","","","","","","","","","1300A19/635","L2","750.610000000","834.640000000","01-JAN-1000","DBFO26","ADC","27/09/2018 09:38:44","0"
"170","0","","*","2600000170","","ASPHALT","74.258830759","1.900000000","441194.279340577","539769.251914083","441174.565399484","539698.002309070","01-JAN-1000","0011","DBFO (AREA) 26","AUTOLINK","","","","","","","","","","","","","","","","","","","","","","","","","","","","","","","1300A19/635","L2","676.400000000","750.610000000","01-JAN-1000","DBFO26","ADC","27/09/2018 09:38:44","0"
"171","0","","*","2600000171","","ASPHALT","57.360280568","2.000000000","441450.222527277","541858.753800389","441458.121295812","541801.940063152","01-JAN-1000","0011","DBFO (AREA) 26","AUTOLINK","","","","","","","","","","","","","","","","","","","","","","","","","","","","","","","1300A19/610","L1","347.180000000","400.990000000","01-JAN-1000","DBFO26","ADC","27/09/2018 09:38:44","0"
"172","0","","*","2600000172","","ASPHALT","80.795174957","2.000000000","441440.971568721","541938.940847086","441450.222527277","541858.753800389","01-JAN-1000","0011","DBFO (AREA) 26","AUTOLINK","","","","","","","","","","","","","","","","","","","","","","","","","","","","","","","1300A19/610","L1","266.960000000","347.180000000","01-JAN-1000","DBFO26","ADC","27/09/2018 09:38:44","0"
"173","0","","*","2600000173","","ASPHALT","266.850671990","2.200000000","441412.938360978","542204.314884558","441440.971568721","541938.940847086","01-JAN-1000","0011","DBFO (AREA) 26","AUTOLINK","","","","","","","","","","","","","","","","","","","","","","","","","","","","","","","1300A19/610","L1","2.100000000","266.960000000","01-JAN-1000","DBFO26","ADC","27/09/2018 09:38:44","0"
"174","0","","*","2600000174","","ASPHALT","51.005353835","2.000000000","433753.062226467","560971.312887260","433795.903563949","560997.435409766","01-JAN-1000","0011","DBFO (AREA) 26","AUTOLINK","","","","","","","","","","","","","","","","","","","","","","","","","","","","","","","4520A19/90","L1","151.700000000","195.580000000","01-JAN-1000","DBFO26","ADC","27/09/2018 09:38:44","0"
"175","0","","*","2600000175","","ASPHALT","16.674229165","1.000000000","433740.933741588","560910.620260344","433740.216421272","560927.245501418","01-JAN-1000","0011","DBFO (AREA) 26","AUTOLINK","","","","","","","","","","","","","","","","","","","","","","","","","","","","","","","4520A19/90","L2","92.710000000","108.360000000","01-JAN-1000","DBFO26","ADC","27/09/2018 09:38:44","0"
"176","0","","*","2600000176","","ASPHALT","45.787177982","2.000000000","433846.717875515","560989.557664747","433877.875961416","560957.566822030","01-JAN-1000","0011","DBFO (AREA) 26","AUTOLINK","","","","","","","","","","","","","","","","","","","","","","","","","","","","","","","4520A19/90","L1","243.570000000","282.970000000","01-JAN-1000","DBFO26","ADC","27/09/2018 09:38:44","0"
"177","0","","*","2600000177","","ASPHALT","72.355191607","1.800000000","433666.752926861","564109.504589230","433654.500766065","564180.814177072","01-JAN-1000","0011","DBFO (AREA) 26","AUTOLINK","","","","","","","","","","","","","","","","","","","","","","","","","","","","","","","4520A19/22","L2","537.620000000","611.000000000","01-JAN-1000","DBFO26","ADC","27/09/2018 09:38:44","0"
"178","0","","*","2600000178","","ASPHALT","22.445043790","1.800000000","433670.372508684","564068.316379232","433669.655188368","564090.749957687","01-JAN-1000","0011","DBFO (AREA) 26","AUTOLINK","","","","","","","","","","","","","","","","","","","","","","","","","","","","","","","4520A19/22","L2","495.590000000","518.330000000","01-JAN-1000","DBFO26","ADC","27/09/2018 09:38:44","0"
"179","0","","*","2600000179","","ASPHALT","407.690339957","1.800000000","433734.939582167","563661.682776890","433668.533860059","564063.377792888","01-JAN-1000","0011","DBFO (AREA) 26","AUTOLINK","","","","","","","","","","","","","","","","","","","","","","","","","","","","","","","4520A19/22","L2","77.510000000","490.860000000","01-JAN-1000","DBFO26","ADC","27/09/2018 09:38:44","0"
"180","0","","*","2600000180","","ASPHALT","16.159059033","1.800000000","433744.808920305","563599.370613561","433748.123434868","563615.186086429","01-JAN-1000","0011","DBFO (AREA) 26","AUTOLINK","","","","","","","","","","","","","","","","","","","","","","","","","","","","","","","4520A19/22","L2","12.560000000","28.710000000","01-JAN-1000","DBFO26","ADC","27/09/2018 09:38:44","0"
"181","0","","*","2600000181","","ASPHALT","7.365531188","1.800000000","433743.497955590","563592.122688258","433744.808920305","563599.370613561","01-JAN-1000","0011","DBFO (AREA) 26","AUTOLINK","","","","","","","","","","","","","","","","","","","","","","","","","","","","","","","4520A19/22","L3","0.980000000","12.560000000","01-JAN-1000","DBFO26","ADC","27/09/2018 09:38:44","0"
"182","0","","*","2600000182","","ASPHALT","6.413965146","1.800000000","433755.717136142","563589.813349300","433755.065776315","563596.191523566","01-JAN-1000","0011","DBFO (AREA) 26","AUTOLINK","","","","","","","","","","","","","","","","","","","","","","","","","","","","","","","4520A19/22","L1","0.200000000","7.600000000","01-JAN-1000","DBFO26","ADC","27/09/2018 09:38:44","0"
"183","0","","*","2600000183","","ASPHALT","8.726169230","1.400000000","433767.342672294","563494.560615111","433760.845564147","563500.378949630","01-JAN-1000","0011","DBFO (AREA) 26","AUTOLINK","","","","","","","","","","","","","","","","","","","","","","","","","","","","","","","4520A19/24","L2","570.580000000","577.000000000","01-JAN-1000","DBFO26","ADC","27/09/2018 09:38:44","0"
"184","0","","*","2600000184","","ASPHALT","188.809977920","1.400000000","433899.750108517","562600.746466750","433938.971864175","562784.933743690","01-JAN-1000","0011","DBFO (AREA) 26","AUTOLINK","","","","","","","","","","","","","","","","","","","","","","","","","","","","","","","4520A19/56","L2","37.960000000","225.910000000","01-JAN-1000","DBFO26","ADC","27/09/2018 09:38:44","0"
"185","0","","*","2600000185","","ASPHALT","37.805304036","2.000000000","433864.279855660","562588.370009474","433899.750108517","562600.746466750","01-JAN-1000","0011","DBFO (AREA) 26","AUTOLINK","","","","","","","","","","","","","","","","","","","","","","","","","","","","","","","4520A19/56","L1","0.000000000","37.960000000","01-JAN-1000","DBFO26","ADC","27/09/2018 09:38:44","0"
"186","0","","*","2600000186","","ASPHALT","154.125523221","2.000000000","433769.156585737","562473.932766794","433864.279855660","562588.370009474","01-JAN-1000","0011","DBFO (AREA) 26","AUTOLINK","","","","","","","","","","","","","","","","","","","","","","","","","","","","","","","4520A19/60","L1","0.720000000","161.000000000","01-JAN-1000","DBFO26","ADC","27/09/2018 09:38:44","0"
"187","0","","*","2600000187","","ASPHALT","17.668232272","1.600000000","434077.629056712","559834.808208340","434084.249840776","559851.123538126","01-JAN-1000","0011","DBFO (AREA) 26","AUTOLINK","","","","","","","","","","","","","","","","","","","","","","","","","","","","","","","4525A19/166","L1","0.200000000","17.940000000","01-JAN-1000","DBFO26","ADC","27/09/2018 09:38:44","0"
"188","0","","*","2600000188","","CONCRETE","16.126997694","1.000000000","434570.972287696","557322.877241100","434577.502376088","557337.623020165","01-JAN-1000","0011","DBFO (AREA) 26","AUTOLINK","","","","","","","","","","","","","","","","","","","","","","","","","","","","","","","4525A19/174","L1","0.000000000","16.030000000","01-JAN-1000","DBFO26","ADC","27/09/2018 09:38:44","0"
"189","0","","*","2600000189","","ASPHALT","7.443334879","1.000000000","434096.155709006","559840.746508520","434092.527882122","559847.124682786","01-JAN-1000","0011","DBFO (AREA) 26","AUTOLINK","","","","","","","","","","","","","","","","","","","","","","","","","","","","","","","4525A19/166","R2","11.310000000","16.450000000","01-JAN-1000","DBFO26","ADC","27/09/2018 09:38:44","0"
"190","0","","*","2600000190","","BLOCK PAVING","9.160992228","1.000000000","434637.905693715","557221.746189563","434635.341479713","557230.373719958","01-JAN-1000","0011","DBFO (AREA) 26","AUTOLINK","","","","","","","","","","","","","","","","","","","","","","","","","","","","","","","4525A19/173","R2","318.130000000","326.140000000","01-JAN-1000","DBFO26","ADC","27/09/2018 09:38:44","0"
"191","0","","*","2600000191","","ASPHALT","8.884952128","1.800000000","434772.935059368","555190.937502502","434778.714847200","555197.685570888","01-JAN-1000","0011","DBFO (AREA) 26","AUTOLINK","","","","","","","","","","","","","","","","","","","","","","","","","","","","","","","4525A19/184","L2","0.170000000","9.020000000","01-JAN-1000","DBFO26","ADC","27/09/2018 09:38:44","0"
"192","0","","*","2600000192","","ASPHALT","11.305069817","1.800000000","434787.528817517","555077.879864914","434781.246080958","555087.247183547","01-JAN-1000","0011","DBFO (AREA) 26","AUTOLINK","","","","","","","","","","","","","","","","","","","","","","","","","","","","","","","4525A19/183","L1","417.630000000","429.000000000","01-JAN-1000","DBFO26","ADC","27/09/2018 09:38:44","0"
"193","0","","*","2600000193","","ASPHALT","8.173108957","1.200000000","435554.278274614","552362.067258186","435552.909594471","552370.124951696","01-JAN-1000","0011","DBFO (AREA) 26","AUTOLINK","","","","","","","","","","","","","","","","","","","","","","","","","","","","","","","4525A19/192","L1","0.000000000","8.300000000","01-JAN-1000","DBFO26","ADC","27/09/2018 09:38:44","0"
"194","0","","*","2600000194","","ASPHALT","23.910922790","1.000000000","435665.034180385","552275.691982852","435642.657084556","552283.439765072","01-JAN-1000","0011","DBFO (AREA) 26","AUTOLINK","","","","","","","","","","","","","","","","","","","","","","","","","","","","","","","1300A19/330","L1","361.930000000","387.000000000","01-JAN-1000","DBFO26","ADC","27/09/2018 09:38:44","0"
"195","0","","*","2600000195","","ASPHALT","35.098882033","2.200000000","441021.058851904","546583.251427011","440991.871335606","546601.626167297","01-JAN-1000","0011","DBFO (AREA) 26","AUTOLINK","","","","","","","","","","","","","","","","","","","","","","","","","","","","","","","1300A19/258","R1","397.540000000","426.640000000","01-JAN-1000","DBFO26","ADC","27/09/2018 09:38:44","0"
"196","0","","*","2600000196","","ASPHALT","33.740663762","2.000000000","441013.564091363","546573.314271492","440982.249349301","546583.001498552","01-JAN-1000","0011","DBFO (AREA) 26","AUTOLINK","","","","","","","","","","","","","","","","","","","","","","","","","","","","","","","1300A19/258","L2","398.650000000","433.000000000","01-JAN-1000","DBFO26","ADC","27/09/2018 09:38:44","0"
"197","0","","*","2600000197","","ASPHALT","25.406921011","3.200000000","440639.502159328","543604.564067399","440658.094772111","543621.879111019","01-JAN-1000","0011","DBFO (AREA) 26","AUTOLINK","","","","","","","","","","","","","","","","","","","","","","","","","","","","","","","1300A19/220","L1","0.270000000","25.250000000","01-JAN-1000","DBFO26","ADC","27/09/2018 09:38:44","0"
"198","0","","*","2600000198","","ASPHALT","19.901058268","2.000000000","440689.722826495","543615.370973954","440698.470836323","543597.496090586","01-JAN-1000","0011","DBFO (AREA) 26","AUTOLINK","","","","","","","","","","","","","","","","","","","","","","","","","","","","","","","1300A19/215","L1","568.520000000","589.000000000","01-JAN-1000","DBFO26","ADC","27/09/2018 09:38:44","0"
"199","0","","*","2600000199","","ASPHALT","60.624817464","2.000000000","441431.341337355","541295.185120246","441431.811305838","541355.807767194","01-JAN-1000","0011","DBFO (AREA) 26","AUTOLINK","","","","","","","","","","","","","","","","","","","","","","","","","","","","","","","1300A19/175","L1","77.320000000","139.430000000","01-JAN-1000","DBFO26","ADC","27/09/2018 09:38:44","0"
"200","0","","*","2600000200","","ASPHALT","20.311926155","2.600000000","441432.998594637","541274.940915089","441431.341337355","541295.185120246","01-JAN-1000","0011","DBFO (AREA) 26","AUTOLINK","","","","","","","","","","","","","","","","","","","","","","","","","","","","","","","1300A19/175","L1","56.390000000","77.320000000","01-JAN-1000","DBFO26","ADC","27/09/2018 09:38:44","0"
"201","0","","*","2600000201","","ASPHALT","39.376207041","2.000000000","441428.785368414","541236.062044050","441432.998594637","541274.940915089","01-JAN-1000","0011","DBFO (AREA) 26","AUTOLINK","","","","","","","","","","","","","","","","","","","","","","","","","","","","","","","1300A19/175","L2","14.200000000","56.390000000","01-JAN-1000","DBFO26","ADC","27/09/2018 09:38:44","0"
"202","0","","*","2600000202","","ASPHALT","13.486321747","3.000000000","441420.878354818","541225.185157527","441428.785368414","541236.062044050","01-JAN-1000","0011","DBFO (AREA) 26","AUTOLINK","","","","","","","","","","","","","","","","","","","","","","","","","","","","","","","1300A19/175","L2","0.000000000","14.200000000","01-JAN-1000","DBFO26","ADC","27/09/2018 09:38:44","0"
"203","0","","*","2600000203","","ASPHALT","12.300407914","3.300000000","441427.251787049","541096.252064241","441421.059746162","541106.749059507","01-JAN-1000","0011","DBFO (AREA) 26","AUTOLINK","","","","","","","","","","","","","","","","","","","","","","","","","","","","","","","1300A19/165","L1","607.890000000","621.000000000","01-JAN-1000","DBFO26","ADC","27/09/2018 09:38:44","0"
"204","0","","*","2600000204","","CONCRETE","59.666219687","1.500000000","433786.124921483","560816.877094046","433758.784298871","560867.252674186","01-JAN-1000","0011","DBFO (AREA) 26","AUTOLINK","","","","","","","","","","","","","","","","","","","","","","","","","","","","","","","4525A19/159","L1","57.370000000","118.000000000","01-JAN-1000","DBFO26","ADC","27/09/2018 09:38:44","0"
"205","0","","*","2600000205","","CONCRETE","41.901346742","1.200000000","433789.686787878","560775.129044301","433786.124921483","560816.877094046","01-JAN-1000","0011","DBFO (AREA) 26","AUTOLINK","","","","","","","","","","","","","","","","","","","","","","","","","","","","","","","4525A19/159","L1","14.890000000","57.370000000","01-JAN-1000","DBFO26","ADC","27/09/2018 09:38:44","0"
"206","0","","*","2600000206","","ASPHALT","215.998434414","1.300000000","441423.252932415","541871.310206155","441400.785140915","542086.058735029","01-JAN-1000","0011","DBFO (AREA) 26","AUTOLINK","","","","","","","","","","","","","","","","","","","","","","","","","","","","","","","1300A19/185","L1","86.420000000","302.310000000","01-JAN-1000","DBFO26","ADC","27/09/2018 09:38:44","0"
"207","0","","*","2600000207","","ASPHALT","49.895995170","1.000000000","441080.654153542","539471.877036756","441098.875738576","539518.253761556","01-JAN-1000","0011","DBFO (AREA) 26","AUTOLINK","","","","","","","","","","","","","","","","","","","","","","","","","","","","","","","1300A19/155","L2","661.160000000","710.970000000","01-JAN-1000","DBFO26","ADC","27/09/2018 09:38:44","0"
"208","0","","*","2600000208","","ASPHALT","125.434109497","3.000000000","446242.095383075","520746.407146755","446357.905511301","520702.659669340","01-JAN-1000","0011","DBFO (AREA) 26","AUTOLINK","","","","","","","","","","","","","","","","","","","","","","","","","","","","","","","0700A19/340","L2","943.420000000","1067.000000000","01-JAN-1000","DBFO26","ADC","27/09/2018 09:38:44","0"
"209","0","","*","2600000209","","ASPHALT","3.247067028","3.000000000","446239.440473401","520748.276611626","446242.095383075","520746.407146755","01-JAN-1000","0011","DBFO (AREA) 26","AUTOLINK","","","","","","","","","","","","","","","","","","","","","","","","","","","","","","","0700A19/340","L2","940.230000000","943.420000000","01-JAN-1000","DBFO26","ADC","27/09/2018 09:38:44","0"
"210","0","","*","2600000210","","ASPHALT","185.995419968","3.000000000","446070.812483761","520823.345123488","446239.440473401","520748.276611626","01-JAN-1000","0011","DBFO (AREA) 26","AUTOLINK","","","","","","","","","","","","","","","","","","","","","","","","","","","","","","","0700A19/340","L1","0.000000000","940.230000000","01-JAN-1000","DBFO26","ADC","27/09/2018 09:38:44","0"
"211","0","","*","2600000211","","ASPHALT","750.216990073","3.000000000","445468.873553014","521256.251205411","446070.812483761","520823.345123488","01-JAN-1000","0011","DBFO (AREA) 26","AUTOLINK","","","","","","","","","","","","","","","","","","","","","","","","","","","","","","","0700A19/340","L2","0.000000000","755.390000000","01-JAN-1000","DBFO26","ADC","27/09/2018 09:38:44","0"
"212","0","","*","2600000212","","ASPHALT","0.583688386","3.000000000","445468.527260448","521256.721070914","445468.873553014","521256.251205411","01-JAN-1000","0011","DBFO (AREA) 26","AUTOLINK","","","","","","","","","","","","","","","","","","","","","","","","","","","","","","","0700A19/342","L2","865.580000000","866.000000000","01-JAN-1000","DBFO26","ADC","27/09/2018 09:38:44","0"
"213","0","","*","2600000213","","CONCRETE","23.233731785","1.000000000","445261.279404611","521796.156659083","445263.621001963","521773.183235157","01-JAN-1000","0011","DBFO (AREA) 26","AUTOLINK","","","","","","","","","","","","","","","","","","","","","","","","","","","","","","","0700A19/342","L2","276.460000000","299.970000000","01-JAN-1000","DBFO26","ADC","27/09/2018 09:38:44","0"
"214","0","","*","2600000214","","CONCRETE","4.071476425","2.000000000","445260.248771973","521800.095531592","445261.279404611","521796.156659083","01-JAN-1000","0011","DBFO (AREA) 26","AUTOLINK","","","","","","","","","","","","","","","","","","","","","","","","","","","","","","","0700A19/342","L2","272.410000000","276.460000000","01-JAN-1000","DBFO26","ADC","27/09/2018 09:38:44","0"
"215","0","","*","2600000215","","BLOCK PAVING","45.726981723","0.500000000","444013.216260676","524459.814195044","444020.216317551","524505.001260382","01-JAN-1000","0011","DBFO (AREA) 26","AUTOLINK","","","","","","","","","","","","","","","","","","","","","","","","","","","","","","","0700A19/243","L2","806.400000000","851.770000000","01-JAN-1000","DBFO26","ADC","27/09/2018 09:38:44","0"
"216","0","","*","2600000216","","BLOCK PAVING","57.136479265","0.500000000","444223.597239732","523639.808919113","444192.406173586","523687.655223251","01-JAN-1000","0011","DBFO (AREA) 26","AUTOLINK","","","","","","","","","","","","","","","","","","","","","","","","","","","","","","","0700A19/233","L2","649.460000000","700.080000000","01-JAN-1000","DBFO26","ADC","27/09/2018 09:38:44","0"
"217","0","","*","2600000217","","CONCRETE","98.549143514","1.500000000","445776.035059275","520928.904907314","445693.246400758","520982.309620374","01-JAN-1000","0011","DBFO (AREA) 26","AUTOLINK","","","","","","","","","","","","","","","","","","","","","","","","","","","","","","","0700A19/339","L1","535.030000000","632.350000000","01-JAN-1000","DBFO26","ADC","27/09/2018 09:38:44","0"
"218","0","","*","2600000218","","CONCRETE","50.303401287","1.000000000","447166.721270136","517783.625234256","447190.747378185","517827.812585758","01-JAN-1000","0011","DBFO (AREA) 26","AUTOLINK","","","","","","","","","","","","","","","","","","","","","","","","","","","","","","","0700A19/381","L2","418.340000000","469.290000000","01-JAN-1000","DBFO26","ADC","27/09/2018 09:38:44","0"
"219","0","","*","2600000219","","CONCRETE","3.407071059","1.000000000","447163.060463007","517781.685789416","447164.783680777","517784.624948090","01-JAN-1000","0011","DBFO (AREA) 26","AUTOLINK","","","","","","","","","","","","","","","","","","","","","","","","","","","","","","","0700A19/381","L2","415.010000000","418.440000000","01-JAN-1000","DBFO26","ADC","27/09/2018 09:38:44","0"
"220","0","","*","2600000220","","CONCRETE","10.124244318","1.000000000","447051.529521493","517526.498835921","447049.814548783","517534.186635312","01-JAN-1000","0011","DBFO (AREA) 26","AUTOLINK","","","","","","","","","","","","","","","","","","","","","","","","","","","","","","","0700A19/381","L2","133.350000000","139.880000000","01-JAN-1000","DBFO26","ADC","27/09/2018 09:38:44","0"
"221","0","","*","2600000221","","ASPHALT","41.560179197","3.000000000","446950.222455743","517343.221298571","446982.246273060","517369.533766705","01-JAN-1000","0011","DBFO (AREA) 26","AUTOLINK","","","","","","","","","","","","","","","","","","","","","","","","","","","","","","","0700A19/377","L1","0.000000000","41.660000000","01-JAN-1000","DBFO26","ADC","27/09/2018 09:38:44","0"
"222","0","","*","2600000222","","ASPHALT","27.490363811","3.000000000","446948.128210224","517248.378447055","446939.404935579","517274.031104058","01-JAN-1000","0011","DBFO (AREA) 26","AUTOLINK","","","","","","","","","","","","","","","","","","","","","","","","","","","","","","","0700A19/375","L1","35.990000000","61.000000000","01-JAN-1000","DBFO26","ADC","27/09/2018 09:38:44","0"
"223","0","","*","2600000223","","CONCRETE","6.789785401","1.000000000","446778.279951541","518663.153471916","446781.940758670","518668.871835052","01-JAN-1000","0011","DBFO (AREA) 26","AUTOLINK","","","","","","","","","","","","","","","","","","","","","","","","","","","","","","","0700A66/180","L2","35.210214599","42.000000000","01-JAN-1000","DBFO26","ADC","27/09/2018 09:38:44","0"
"224","0","","*","2600000224","","CONCRETE","73.784110712","1.500000000","445258.063830781","527966.060542468","445273.531565407","527893.941186418","01-JAN-1000","0011","DBFO (AREA) 26","AUTOLINK","","","","","","","","","","","","","","","","","","","","","","","","","","","","","","","0700A19/277","L1","0.000000000","1501.840000000","01-JAN-1000","DBFO26","ADC","27/09/2018 09:38:44","0"
"225","0","","*","2600000225","","CONCRETE","75.057883861","1.500000000","445249.967180780","528038.559789774","445258.063830781","527966.060542468","01-JAN-1000","0011","DBFO (AREA) 26","AUTOLINK","","","","","","","","","","","","","","","","","","","","","","","","","","","","","","","0700A19/277","L2","1355.340000000","1428.120000000","01-JAN-1000","DBFO26","ADC","27/09/2018 09:38:44","0"
"226","0","","*","2600000226","","CONCRETE","110.201744689","1.000000000","445090.845746590","528913.309395304","445109.438359373","528804.690487143","01-JAN-1000","0011","DBFO (AREA) 26","AUTOLINK","","","","","","","","","","","","","","","","","","","","","","","","","","","","","","","0700A19/277","L2","466.370000000","576.560000000","01-JAN-1000","DBFO26","ADC","27/09/2018 09:38:44","0"
"227","0","","*","2600000227","","ASPHALT","87.331289621","1.500000000","445153.029997414","531840.811406570","445167.129051897","531754.626076864","01-JAN-1000","0011","DBFO (AREA) 26","AUTOLINK","","","","","","","","","","","","","","","","","","","","","","","","","","","","","","","0700A19/262","L2","71.170000000","158.550000000","01-JAN-1000","DBFO26","ADC","27/09/2018 09:38:44","0"
"228","0","","*","2600000228","","ASPHALT","5.326283686","2.500000000","445152.123040693","531846.059904203","445153.029997414","531840.811406570","01-JAN-1000","0011","DBFO (AREA) 26","AUTOLINK","","","","","","","","","","","","","","","","","","","","","","","","","","","","","","","0700A19/262","L1","65.840000000","71.170000000","01-JAN-1000","DBFO26","ADC","27/09/2018 09:38:44","0"
"229","0","","*","2600000229","","ASPHALT","63.563415516","1.500000000","445154.283246702","531906.002745743","445152.123040693","531846.059904203","01-JAN-1000","0011","DBFO (AREA) 26","AUTOLINK","","","","","","","","","","","","","","","","","","","","","","","","","","","","","","","0700A19/262","L2","7.410000000","65.840000000","01-JAN-1000","DBFO26","ADC","27/09/2018 09:38:44","0"
"230","0","","*","2600000230","","CONCRETE","22.216474123","2.500000000","444962.346469329","532652.129169276","444967.095624523","532630.435379059","01-JAN-1000","0011","DBFO (AREA) 26","AUTOLINK","","","","","","","","","","","","","","","","","","","","","","","","","","","","","","","0700A19/264","L2","80.130000000","102.300000000","01-JAN-1000","DBFO26","ADC","27/09/2018 09:38:44","0"
"231","0","","*","2600000231","","CONCRETE","59.624448127","1.500000000","444954.002467495","532709.872640380","444962.346469329","532652.129169276","01-JAN-1000","0011","DBFO (AREA) 26","AUTOLINK","","","","","","","","","","","","","","","","","","","","","","","","","","","","","","","0700A19/264","L2","22.170000000","80.130000000","01-JAN-1000","DBFO26","ADC","27/09/2018 09:38:44","0"
"232","0","","*","2600000232","","CONCRETE","25.337238097","1.000000000","444935.657206545","532755.309634175","444953.433558279","532737.254802317","01-JAN-1000","0011","DBFO (AREA) 26","AUTOLINK","","","","","","","","","","","","","","","","","","","","","","","","","","","","","","","0700A19/266","L2","1156.680000000","1178.580000000","01-JAN-1000","DBFO26","ADC","27/09/2018 09:38:44","0"
"233","0","","*","2600000233","","ASPHALT","41.421463798","1.500000000","444016.407099322","535085.872517490","444025.311765311","535045.434092868","01-JAN-1000","0011","DBFO (AREA) 26","AUTOLINK","","","","","","","","","","","","","","","","","","","","","","","","","","","","","","","1300A19/675","L2","1552.010000000","1593.980000000","01-JAN-1000","DBFO26","ADC","27/09/2018 09:38:44","0"
"234","0","","*","2600000234","","ASPHALT","13.869080232","1.500000000","444012.968908843","535099.308671431","444016.407099322","535085.872517490","01-JAN-1000","0011","DBFO (AREA) 26","AUTOLINK","","","","","","","","","","","","","","","","","","","","","","","","","","","","","","","1300A19/675","L1","1537.890000000","1552.010000000","01-JAN-1000","DBFO26","ADC","27/09/2018 09:38:44","0"
"235","0","","*","2600000235","","ASPHALT","25.900750777","1.000000000","443365.904758690","536309.122365863","443376.375986288","536285.439145114","01-JAN-1000","0011","DBFO (AREA) 26","AUTOLINK","","","","","","","","","","","","","","","","","","","","","","","","","","","","","","","1300A19/675","L2","134.230000000","160.560000000","01-JAN-1000","DBFO26","ADC","27/09/2018 09:38:44","0"
"236","0","","*","2600000236","","ASPHALT","17.975685913","1.000000000","443358.624369738","536325.557661309","443365.904758690","536309.122365863","01-JAN-1000","0011","DBFO (AREA) 26","AUTOLINK","","","","","","","","","","","","","","","","","","","","","","","","","","","","","","","1300A19/675","L1","116.250000000","134.230000000","01-JAN-1000","DBFO26","ADC","27/09/2018 09:38:44","0"
"237","0","","*","2600000237","","ASPHALT","74.319476871","1.000000000","443325.842006800","536392.248571234","443358.624369738","536325.557661309","01-JAN-1000","0011","DBFO (AREA) 26","AUTOLINK","","","","","","","","","","","","","","","","","","","","","","","","","","","","","","","1300A19/675","L2","40.950000000","116.250000000","01-JAN-1000","DBFO26","ADC","27/09/2018 09:38:44","0"
"238","0","","*","2600000238","","ASPHALT","446.661732267","1.000000000","443066.345198765","536752.875342895","443325.842006800","536392.248571234","01-JAN-1000","0011","DBFO (AREA) 26","AUTOLINK","","","","","","","","","","","","","","","","","","","","","","","","","","","","","","","1300A19/670","L2","278.120000000","690.000000000","01-JAN-1000","DBFO26","ADC","27/09/2018 09:38:44","0"
"239","0","","*","2600000239","","ASPHALT","52.909756696","1.500000000","443027.750067750","536789.064983718","443066.345198765","536752.875342895","01-JAN-1000","0011","DBFO (AREA) 26","AUTOLINK","","","","","","","","","","","","","","","","","","","","","","","","","","","","","","","1300A19/670","L1","224.500000000","278.120000000","01-JAN-1000","DBFO26","ADC","27/09/2018 09:38:44","0"
"240","0","","*","2600000240","","ASPHALT","16.371649380","2.000000000","443015.621582871","536800.061835901","443027.750067750","536789.064983718","01-JAN-1000","0011","DBFO (AREA) 26","AUTOLINK","","","","","","","","","","","","","","","","","","","","","","","","","","","","","","","1300A19/670","L1","207.860000000","224.500000000","01-JAN-1000","DBFO26","ADC","27/09/2018 09:38:44","0"
"241","0","","*","2600000241","","ASPHALT","36.904455198","2.000000000","442989.187916981","536825.814464288","443015.621582871","536800.061835901","01-JAN-1000","0011","DBFO (AREA) 26","AUTOLINK","","","","","","","","","","","","","","","","","","","","","","","","","","","","","","","1300A19/670","L2","170.670000000","207.860000000","01-JAN-1000","DBFO26","ADC","27/09/2018 09:38:44","0"
"242","0","","*","2600000242","","CONCRETE","97.693668917","2.000000000","444070.156652640","496385.030518277","444064.566501214","496287.598407928","01-JAN-1000","0011","DBFO (AREA) 26","AUTOLINK","","","","","","","","","","","","","","","","","","","","","","","","","","","","","","","2700A19/791","L1","591.590000000","690.470000000","01-JAN-1000","DBFO26","ADC","27/09/2018 09:38:44","0"
"243","0","","*","2600000243","","ASPHALT","89.890023987","1.000000000","443104.404400807","491849.908683398","443102.879064504","491939.782957155","01-JAN-1000","0011","DBFO (AREA) 26","AUTOLINK","","","","","","","","","","","","","","","","","","","","","","","","","","","","","","","2700A19/760","L1","807.870000000","896.680000000","01-JAN-1000","DBFO26","ADC","27/09/2018 09:38:44","0"
"244","0","","*","2600000244","","ASPHALT","25.245208326","2.000000000","437518.441465301","473233.557558476","437500.904220339","473215.402755234","01-JAN-1000","0011","DBFO (AREA) 26","AUTOLINK","","","","","","","","","","","","","","","","","","","","","","","","","","","","","","","2700A168/121","L1","519.380000000","547.020000000","01-JAN-1000","DBFO26","ADC","27/09/2018 09:38:44","0"
